298, 545, 634, 350, 357, 284, 747, 727, 318, 511, 353, 172, 591, 175, 630, 582, 98, 398, 871, 833, 812, 910, 440, 253, 568, 331, 240, 213, 259, 657
298, 545, 634, 350, 357, 284, 747, 727, 318, 511, 353, 172, 591, 175, 630, 582, 98, 398, 871, 833, 812, 910, 440, 253, 568, 331, 240, 213, 259, 657
298, 545, 350, 634, 357, 284, 747, 727, 318, 511, 353, 172, 591, 175, 630, 582, 98, 398, 871, 833, 812, 910, 440, 253, 568, 331, 240, 213, 259, 657
298, 545, 350, 357, 634, 284, 747, 727, 318, 511, 353, 172, 591, 175, 630, 582, 98, 398, 871, 833, 812, 910, 440, 253, 568, 331, 240, 213, 259, 657
298, 545, 350, 357, 284, 634, 747, 727, 318, 511, 353, 172, 591, 175, 630, 582, 98, 398, 871, 833, 812, 910, 440, 253, 568, 331, 240, 213, 259, 657
298, 545, 350, 357, 284, 634, 747, 727, 318, 511, 353, 172, 591, 175, 630, 582, 98, 398, 871, 833, 812, 910, 440, 253, 568, 331, 240, 213, 259, 657
298, 545, 350, 357, 284, 634, 727, 747, 318, 511, 353, 172, 591, 175, 630, 582, 98, 398, 871, 833, 812, 910, 440, 253, 568, 331, 240, 213, 259, 657
298, 545, 350, 357, 284, 634, 727, 318, 747, 511, 353, 172, 591, 175, 630, 582, 98, 398, 871, 833, 812, 910, 440, 253, 568, 331, 240, 213, 259, 657
298, 545, 350, 357, 284, 634, 727, 318, 511, 747, 353, 172, 591, 175, 630, 582, 98, 398, 871, 833, 812, 910, 440, 253, 568, 331, 240, 213, 259, 657
298, 545, 350, 357, 284, 634, 727, 318, 511, 353, 747, 172, 591, 175, 630, 582, 98, 398, 871, 833, 812, 910, 440, 253, 568, 331, 240, 213, 259, 657
298, 545, 350, 357, 284, 634, 727, 318, 511, 353, 172, 747, 591, 175, 630, 582, 98, 398, 871, 833, 812, 910, 440, 253, 568, 331, 240, 213, 259, 657
298, 545, 350, 357, 284, 634, 727, 318, 511, 353, 172, 591, 747, 175, 630, 582, 98, 398, 871, 833, 812, 910, 440, 253, 568, 331, 240, 213, 259, 657
298, 545, 350, 357, 284, 634, 727, 318, 511, 353, 172, 591, 175, 747, 630, 582, 98, 398, 871, 833, 812, 910, 440, 253, 568, 331, 240, 213, 259, 657
298, 545, 350, 357, 284, 634, 727, 318, 511, 353, 172, 591, 175, 630, 747, 582, 98, 398, 871, 833, 812, 910, 440, 253, 568, 331, 240, 213, 259, 657
298, 545, 350, 357, 284, 634, 727, 318, 511, 353, 172, 591, 175, 630, 582, 747, 98, 398, 871, 833, 812, 910, 440, 253, 568, 331, 240, 213, 259, 657
298, 545, 350, 357, 284, 634, 727, 318, 511, 353, 172, 591, 175, 630, 582, 98, 747, 398, 871, 833, 812, 910, 440, 253, 568, 331, 240, 213, 259, 657
298, 545, 350, 357, 284, 634, 727, 318, 511, 353, 172, 591, 175, 630, 582, 98, 398, 747, 871, 833, 812, 910, 440, 253, 568, 331, 240, 213, 259, 657
298, 545, 350, 357, 284, 634, 727, 318, 511, 353, 172, 591, 175, 630, 582, 98, 398, 747, 871, 833, 812, 910, 440, 253, 568, 331, 240, 213, 259, 657
298, 545, 350, 357, 284, 634, 727, 318, 511, 353, 172, 591, 175, 630, 582, 98, 398, 747, 833, 871, 812, 910, 440, 253, 568, 331, 240, 213, 259, 657
298, 545, 350, 357, 284, 634, 727, 318, 511, 353, 172, 591, 175, 630, 582, 98, 398, 747, 833, 812, 871, 910, 440, 253, 568, 331, 240, 213, 259, 657
298, 545, 350, 357, 284, 634, 727, 318, 511, 353, 172, 591, 175, 630, 582, 98, 398, 747, 833, 812, 871, 910, 440, 253, 568, 331, 240, 213, 259, 657
298, 545, 350, 357, 284, 634, 727, 318, 511, 353, 172, 591, 175, 630, 582, 98, 398, 747, 833, 812, 871, 440, 910, 253, 568, 331, 240, 213, 259, 657
298, 545, 350, 357, 284, 634, 727, 318, 511, 353, 172, 591, 175, 630, 582, 98, 398, 747, 833, 812, 871, 440, 253, 910, 568, 331, 240, 213, 259, 657
298, 545, 350, 357, 284, 634, 727, 318, 511, 353, 172, 591, 175, 630, 582, 98, 398, 747, 833, 812, 871, 440, 253, 568, 910, 331, 240, 213, 259, 657
298, 545, 350, 357, 284, 634, 727, 318, 511, 353, 172, 591, 175, 630, 582, 98, 398, 747, 833, 812, 871, 440, 253, 568, 331, 910, 240, 213, 259, 657
298, 545, 350, 357, 284, 634, 727, 318, 511, 353, 172, 591, 175, 630, 582, 98, 398, 747, 833, 812, 871, 440, 253, 568, 331, 240, 910, 213, 259, 657
298, 545, 350, 357, 284, 634, 727, 318, 511, 353, 172, 591, 175, 630, 582, 98, 398, 747, 833, 812, 871, 440, 253, 568, 331, 240, 213, 910, 259, 657
298, 545, 350, 357, 284, 634, 727, 318, 511, 353, 172, 591, 175, 630, 582, 98, 398, 747, 833, 812, 871, 440, 253, 568, 331, 240, 213, 259, 910, 657
298, 545, 350, 357, 284, 634, 727, 318, 511, 353, 172, 591, 175, 630, 582, 98, 398, 747, 833, 812, 871, 440, 253, 568, 331, 240, 213, 259, 657, 910
298, 545, 350, 357, 284, 634, 727, 318, 511, 353, 172, 591, 175, 630, 582, 98, 398, 747, 833, 812, 871, 440, 253, 568, 331, 240, 213, 259, 657, 910
298, 350, 545, 357, 284, 634, 727, 318, 511, 353, 172, 591, 175, 630, 582, 98, 398, 747, 833, 812, 871, 440, 253, 568, 331, 240, 213, 259, 657, 910
298, 350, 357, 545, 284, 634, 727, 318, 511, 353, 172, 591, 175, 630, 582, 98, 398, 747, 833, 812, 871, 440, 253, 568, 331, 240, 213, 259, 657, 910
298, 350, 357, 284, 545, 634, 727, 318, 511, 353, 172, 591, 175, 630, 582, 98, 398, 747, 833, 812, 871, 440, 253, 568, 331, 240, 213, 259, 657, 910
298, 350, 357, 284, 545, 634, 727, 318, 511, 353, 172, 591, 175, 630, 582, 98, 398, 747, 833, 812, 871, 440, 253, 568, 331, 240, 213, 259, 657, 910
298, 350, 357, 284, 545, 634, 727, 318, 511, 353, 172, 591, 175, 630, 582, 98, 398, 747, 833, 812, 871, 440, 253, 568, 331, 240, 213, 259, 657, 910
298, 350, 357, 284, 545, 634, 318, 727, 511, 353, 172, 591, 175, 630, 582, 98, 398, 747, 833, 812, 871, 440, 253, 568, 331, 240, 213, 259, 657, 910
298, 350, 357, 284, 545, 634, 318, 511, 727, 353, 172, 591, 175, 630, 582, 98, 398, 747, 833, 812, 871, 440, 253, 568, 331, 240, 213, 259, 657, 910
298, 350, 357, 284, 545, 634, 318, 511, 353, 727, 172, 591, 175, 630, 582, 98, 398, 747, 833, 812, 871, 440, 253, 568, 331, 240, 213, 259, 657, 910
298, 350, 357, 284, 545, 634, 318, 511, 353, 172, 727, 591, 175, 630, 582, 98, 398, 747, 833, 812, 871, 440, 253, 568, 331, 240, 213, 259, 657, 910
298, 350, 357, 284, 545, 634, 318, 511, 353, 172, 591, 727, 175, 630, 582, 98, 398, 747, 833, 812, 871, 440, 253, 568, 331, 240, 213, 259, 657, 910
298, 350, 357, 284, 545, 634, 318, 511, 353, 172, 591, 175, 727, 630, 582, 98, 398, 747, 833, 812, 871, 440, 253, 568, 331, 240, 213, 259, 657, 910
298, 350, 357, 284, 545, 634, 318, 511, 353, 172, 591, 175, 630, 727, 582, 98, 398, 747, 833, 812, 871, 440, 253, 568, 331, 240, 213, 259, 657, 910
298, 350, 357, 284, 545, 634, 318, 511, 353, 172, 591, 175, 630, 582, 727, 98, 398, 747, 833, 812, 871, 440, 253, 568, 331, 240, 213, 259, 657, 910
298, 350, 357, 284, 545, 634, 318, 511, 353, 172, 591, 175, 630, 582, 98, 727, 398, 747, 833, 812, 871, 440, 253, 568, 331, 240, 213, 259, 657, 910
298, 350, 357, 284, 545, 634, 318, 511, 353, 172, 591, 175, 630, 582, 98, 398, 727, 747, 833, 812, 871, 440, 253, 568, 331, 240, 213, 259, 657, 910
298, 350, 357, 284, 545, 634, 318, 511, 353, 172, 591, 175, 630, 582, 98, 398, 727, 747, 833, 812, 871, 440, 253, 568, 331, 240, 213, 259, 657, 910
298, 350, 357, 284, 545, 634, 318, 511, 353, 172, 591, 175, 630, 582, 98, 398, 727, 747, 833, 812, 871, 440, 253, 568, 331, 240, 213, 259, 657, 910
298, 350, 357, 284, 545, 634, 318, 511, 353, 172, 591, 175, 630, 582, 98, 398, 727, 747, 812, 833, 871, 440, 253, 568, 331, 240, 213, 259, 657, 910
298, 350, 357, 284, 545, 634, 318, 511, 353, 172, 591, 175, 630, 582, 98, 398, 727, 747, 812, 833, 871, 440, 253, 568, 331, 240, 213, 259, 657, 910
298, 350, 357, 284, 545, 634, 318, 511, 353, 172, 591, 175, 630, 582, 98, 398, 727, 747, 812, 833, 440, 871, 253, 568, 331, 240, 213, 259, 657, 910
298, 350, 357, 284, 545, 634, 318, 511, 353, 172, 591, 175, 630, 582, 98, 398, 727, 747, 812, 833, 440, 253, 871, 568, 331, 240, 213, 259, 657, 910
298, 350, 357, 284, 545, 634, 318, 511, 353, 172, 591, 175, 630, 582, 98, 398, 727, 747, 812, 833, 440, 253, 568, 871, 331, 240, 213, 259, 657, 910
298, 350, 357, 284, 545, 634, 318, 511, 353, 172, 591, 175, 630, 582, 98, 398, 727, 747, 812, 833, 440, 253, 568, 331, 871, 240, 213, 259, 657, 910
298, 350, 357, 284, 545, 634, 318, 511, 353, 172, 591, 175, 630, 582, 98, 398, 727, 747, 812, 833, 440, 253, 568, 331, 240, 871, 213, 259, 657, 910
298, 350, 357, 284, 545, 634, 318, 511, 353, 172, 591, 175, 630, 582, 98, 398, 727, 747, 812, 833, 440, 253, 568, 331, 240, 213, 871, 259, 657, 910
298, 350, 357, 284, 545, 634, 318, 511, 353, 172, 591, 175, 630, 582, 98, 398, 727, 747, 812, 833, 440, 253, 568, 331, 240, 213, 259, 871, 657, 910
298, 350, 357, 284, 545, 634, 318, 511, 353, 172, 591, 175, 630, 582, 98, 398, 727, 747, 812, 833, 440, 253, 568, 331, 240, 213, 259, 657, 871, 910
298, 350, 357, 284, 545, 634, 318, 511, 353, 172, 591, 175, 630, 582, 98, 398, 727, 747, 812, 833, 440, 253, 568, 331, 240, 213, 259, 657, 871, 910
298, 350, 357, 284, 545, 634, 318, 511, 353, 172, 591, 175, 630, 582, 98, 398, 727, 747, 812, 833, 440, 253, 568, 331, 240, 213, 259, 657, 871, 910
298, 350, 284, 357, 545, 634, 318, 511, 353, 172, 591, 175, 630, 582, 98, 398, 727, 747, 812, 833, 440, 253, 568, 331, 240, 213, 259, 657, 871, 910
298, 350, 284, 357, 545, 634, 318, 511, 353, 172, 591, 175, 630, 582, 98, 398, 727, 747, 812, 833, 440, 253, 568, 331, 240, 213, 259, 657, 871, 910
298, 350, 284, 357, 545, 634, 318, 511, 353, 172, 591, 175, 630, 582, 98, 398, 727, 747, 812, 833, 440, 253, 568, 331, 240, 213, 259, 657, 871, 910
298, 350, 284, 357, 545, 318, 634, 511, 353, 172, 591, 175, 630, 582, 98, 398, 727, 747, 812, 833, 440, 253, 568, 331, 240, 213, 259, 657, 871, 910
298, 350, 284, 357, 545, 318, 511, 634, 353, 172, 591, 175, 630, 582, 98, 398, 727, 747, 812, 833, 440, 253, 568, 331, 240, 213, 259, 657, 871, 910
298, 350, 284, 357, 545, 318, 511, 353, 634, 172, 591, 175, 630, 582, 98, 398, 727, 747, 812, 833, 440, 253, 568, 331, 240, 213, 259, 657, 871, 910
298, 350, 284, 357, 545, 318, 511, 353, 172, 634, 591, 175, 630, 582, 98, 398, 727, 747, 812, 833, 440, 253, 568, 331, 240, 213, 259, 657, 871, 910
298, 350, 284, 357, 545, 318, 511, 353, 172, 591, 634, 175, 630, 582, 98, 398, 727, 747, 812, 833, 440, 253, 568, 331, 240, 213, 259, 657, 871, 910
298, 350, 284, 357, 545, 318, 511, 353, 172, 591, 175, 634, 630, 582, 98, 398, 727, 747, 812, 833, 440, 253, 568, 331, 240, 213, 259, 657, 871, 910
298, 350, 284, 357, 545, 318, 511, 353, 172, 591, 175, 630, 634, 582, 98, 398, 727, 747, 812, 833, 440, 253, 568, 331, 240, 213, 259, 657, 871, 910
298, 350, 284, 357, 545, 318, 511, 353, 172, 591, 175, 630, 582, 634, 98, 398, 727, 747, 812, 833, 440, 253, 568, 331, 240, 213, 259, 657, 871, 910
298, 350, 284, 357, 545, 318, 511, 353, 172, 591, 175, 630, 582, 98, 634, 398, 727, 747, 812, 833, 440, 253, 568, 331, 240, 213, 259, 657, 871, 910
298, 350, 284, 357, 545, 318, 511, 353, 172, 591, 175, 630, 582, 98, 398, 634, 727, 747, 812, 833, 440, 253, 568, 331, 240, 213, 259, 657, 871, 910
298, 350, 284, 357, 545, 318, 511, 353, 172, 591, 175, 630, 582, 98, 398, 634, 727, 747, 812, 833, 440, 253, 568, 331, 240, 213, 259, 657, 871, 910
298, 350, 284, 357, 545, 318, 511, 353, 172, 591, 175, 630, 582, 98, 398, 634, 727, 747, 812, 833, 440, 253, 568, 331, 240, 213, 259, 657, 871, 910
298, 350, 284, 357, 545, 318, 511, 353, 172, 591, 175, 630, 582, 98, 398, 634, 727, 747, 812, 833, 440, 253, 568, 331, 240, 213, 259, 657, 871, 910
298, 350, 284, 357, 545, 318, 511, 353, 172, 591, 175, 630, 582, 98, 398, 634, 727, 747, 812, 833, 440, 253, 568, 331, 240, 213, 259, 657, 871, 910
298, 350, 284, 357, 545, 318, 511, 353, 172, 591, 175, 630, 582, 98, 398, 634, 727, 747, 812, 440, 833, 253, 568, 331, 240, 213, 259, 657, 871, 910
298, 350, 284, 357, 545, 318, 511, 353, 172, 591, 175, 630, 582, 98, 398, 634, 727, 747, 812, 440, 253, 833, 568, 331, 240, 213, 259, 657, 871, 910
298, 350, 284, 357, 545, 318, 511, 353, 172, 591, 175, 630, 582, 98, 398, 634, 727, 747, 812, 440, 253, 568, 833, 331, 240, 213, 259, 657, 871, 910
298, 350, 284, 357, 545, 318, 511, 353, 172, 591, 175, 630, 582, 98, 398, 634, 727, 747, 812, 440, 253, 568, 331, 833, 240, 213, 259, 657, 871, 910
298, 350, 284, 357, 545, 318, 511, 353, 172, 591, 175, 630, 582, 98, 398, 634, 727, 747, 812, 440, 253, 568, 331, 240, 833, 213, 259, 657, 871, 910
298, 350, 284, 357, 545, 318, 511, 353, 172, 591, 175, 630, 582, 98, 398, 634, 727, 747, 812, 440, 253, 568, 331, 240, 213, 833, 259, 657, 871, 910
298, 350, 284, 357, 545, 318, 511, 353, 172, 591, 175, 630, 582, 98, 398, 634, 727, 747, 812, 440, 253, 568, 331, 240, 213, 259, 833, 657, 871, 910
298, 350, 284, 357, 545, 318, 511, 353, 172, 591, 175, 630, 582, 98, 398, 634, 727, 747, 812, 440, 253, 568, 331, 240, 213, 259, 657, 833, 871, 910
298, 350, 284, 357, 545, 318, 511, 353, 172, 591, 175, 630, 582, 98, 398, 634, 727, 747, 812, 440, 253, 568, 331, 240, 213, 259, 657, 833, 871, 910
298, 284, 350, 357, 545, 318, 511, 353, 172, 591, 175, 630, 582, 98, 398, 634, 727, 747, 812, 440, 253, 568, 331, 240, 213, 259, 657, 833, 871, 910
298, 284, 350, 357, 545, 318, 511, 353, 172, 591, 175, 630, 582, 98, 398, 634, 727, 747, 812, 440, 253, 568, 331, 240, 213, 259, 657, 833, 871, 910
298, 284, 350, 357, 545, 318, 511, 353, 172, 591, 175, 630, 582, 98, 398, 634, 727, 747, 812, 440, 253, 568, 331, 240, 213, 259, 657, 833, 871, 910
298, 284, 350, 357, 318, 545, 511, 353, 172, 591, 175, 630, 582, 98, 398, 634, 727, 747, 812, 440, 253, 568, 331, 240, 213, 259, 657, 833, 871, 910
298, 284, 350, 357, 318, 511, 545, 353, 172, 591, 175, 630, 582, 98, 398, 634, 727, 747, 812, 440, 253, 568, 331, 240, 213, 259, 657, 833, 871, 910
298, 284, 350, 357, 318, 511, 353, 545, 172, 591, 175, 630, 582, 98, 398, 634, 727, 747, 812, 440, 253, 568, 331, 240, 213, 259, 657, 833, 871, 910
298, 284, 350, 357, 318, 511, 353, 172, 545, 591, 175, 630, 582, 98, 398, 634, 727, 747, 812, 440, 253, 568, 331, 240, 213, 259, 657, 833, 871, 910
298, 284, 350, 357, 318, 511, 353, 172, 545, 591, 175, 630, 582, 98, 398, 634, 727, 747, 812, 440, 253, 568, 331, 240, 213, 259, 657, 833, 871, 910
298, 284, 350, 357, 318, 511, 353, 172, 545, 175, 591, 630, 582, 98, 398, 634, 727, 747, 812, 440, 253, 568, 331, 240, 213, 259, 657, 833, 871, 910
298, 284, 350, 357, 318, 511, 353, 172, 545, 175, 591, 630, 582, 98, 398, 634, 727, 747, 812, 440, 253, 568, 331, 240, 213, 259, 657, 833, 871, 910
298, 284, 350, 357, 318, 511, 353, 172, 545, 175, 591, 582, 630, 98, 398, 634, 727, 747, 812, 440, 253, 568, 331, 240, 213, 259, 657, 833, 871, 910
298, 284, 350, 357, 318, 511, 353, 172, 545, 175, 591, 582, 98, 630, 398, 634, 727, 747, 812, 440, 253, 568, 331, 240, 213, 259, 657, 833, 871, 910
298, 284, 350, 357, 318, 511, 353, 172, 545, 175, 591, 582, 98, 398, 630, 634, 727, 747, 812, 440, 253, 568, 331, 240, 213, 259, 657, 833, 871, 910
298, 284, 350, 357, 318, 511, 353, 172, 545, 175, 591, 582, 98, 398, 630, 634, 727, 747, 812, 440, 253, 568, 331, 240, 213, 259, 657, 833, 871, 910
298, 284, 350, 357, 318, 511, 353, 172, 545, 175, 591, 582, 98, 398, 630, 634, 727, 747, 812, 440, 253, 568, 331, 240, 213, 259, 657, 833, 871, 910
298, 284, 350, 357, 318, 511, 353, 172, 545, 175, 591, 582, 98, 398, 630, 634, 727, 747, 812, 440, 253, 568, 331, 240, 213, 259, 657, 833, 871, 910
298, 284, 350, 357, 318, 511, 353, 172, 545, 175, 591, 582, 98, 398, 630, 634, 727, 747, 812, 440, 253, 568, 331, 240, 213, 259, 657, 833, 871, 910
298, 284, 350, 357, 318, 511, 353, 172, 545, 175, 591, 582, 98, 398, 630, 634, 727, 747, 440, 812, 253, 568, 331, 240, 213, 259, 657, 833, 871, 910
298, 284, 350, 357, 318, 511, 353, 172, 545, 175, 591, 582, 98, 398, 630, 634, 727, 747, 440, 253, 812, 568, 331, 240, 213, 259, 657, 833, 871, 910
298, 284, 350, 357, 318, 511, 353, 172, 545, 175, 591, 582, 98, 398, 630, 634, 727, 747, 440, 253, 568, 812, 331, 240, 213, 259, 657, 833, 871, 910
298, 284, 350, 357, 318, 511, 353, 172, 545, 175, 591, 582, 98, 398, 630, 634, 727, 747, 440, 253, 568, 331, 812, 240, 213, 259, 657, 833, 871, 910
298, 284, 350, 357, 318, 511, 353, 172, 545, 175, 591, 582, 98, 398, 630, 634, 727, 747, 440, 253, 568, 331, 240, 812, 213, 259, 657, 833, 871, 910
298, 284, 350, 357, 318, 511, 353, 172, 545, 175, 591, 582, 98, 398, 630, 634, 727, 747, 440, 253, 568, 331, 240, 213, 812, 259, 657, 833, 871, 910
298, 284, 350, 357, 318, 511, 353, 172, 545, 175, 591, 582, 98, 398, 630, 634, 727, 747, 440, 253, 568, 331, 240, 213, 259, 812, 657, 833, 871, 910
298, 284, 350, 357, 318, 511, 353, 172, 545, 175, 591, 582, 98, 398, 630, 634, 727, 747, 440, 253, 568, 331, 240, 213, 259, 657, 812, 833, 871, 910
284, 298, 350, 357, 318, 511, 353, 172, 545, 175, 591, 582, 98, 398, 630, 634, 727, 747, 440, 253, 568, 331, 240, 213, 259, 657, 812, 833, 871, 910
284, 298, 350, 357, 318, 511, 353, 172, 545, 175, 591, 582, 98, 398, 630, 634, 727, 747, 440, 253, 568, 331, 240, 213, 259, 657, 812, 833, 871, 910
284, 298, 350, 357, 318, 511, 353, 172, 545, 175, 591, 582, 98, 398, 630, 634, 727, 747, 440, 253, 568, 331, 240, 213, 259, 657, 812, 833, 871, 910
284, 298, 350, 318, 357, 511, 353, 172, 545, 175, 591, 582, 98, 398, 630, 634, 727, 747, 440, 253, 568, 331, 240, 213, 259, 657, 812, 833, 871, 910
284, 298, 350, 318, 357, 511, 353, 172, 545, 175, 591, 582, 98, 398, 630, 634, 727, 747, 440, 253, 568, 331, 240, 213, 259, 657, 812, 833, 871, 910
284, 298, 350, 318, 357, 353, 511, 172, 545, 175, 591, 582, 98, 398, 630, 634, 727, 747, 440, 253, 568, 331, 240, 213, 259, 657, 812, 833, 871, 910
284, 298, 350, 318, 357, 353, 172, 511, 545, 175, 591, 582, 98, 398, 630, 634, 727, 747, 440, 253, 568, 331, 240, 213, 259, 657, 812, 833, 871, 910
284, 298, 350, 318, 357, 353, 172, 511, 545, 175, 591, 582, 98, 398, 630, 634, 727, 747, 440, 253, 568, 331, 240, 213, 259, 657, 812, 833, 871, 910
284, 298, 350, 318, 357, 353, 172, 511, 175, 545, 591, 582, 98, 398, 630, 634, 727, 747, 440, 253, 568, 331, 240, 213, 259, 657, 812, 833, 871, 910
284, 298, 350, 318, 357, 353, 172, 511, 175, 545, 591, 582, 98, 398, 630, 634, 727, 747, 440, 253, 568, 331, 240, 213, 259, 657, 812, 833, 871, 910
284, 298, 350, 318, 357, 353, 172, 511, 175, 545, 582, 591, 98, 398, 630, 634, 727, 747, 440, 253, 568, 331, 240, 213, 259, 657, 812, 833, 871, 910
284, 298, 350, 318, 357, 353, 172, 511, 175, 545, 582, 98, 591, 398, 630, 634, 727, 747, 440, 253, 568, 331, 240, 213, 259, 657, 812, 833, 871, 910
284, 298, 350, 318, 357, 353, 172, 511, 175, 545, 582, 98, 398, 591, 630, 634, 727, 747, 440, 253, 568, 331, 240, 213, 259, 657, 812, 833, 871, 910
284, 298, 350, 318, 357, 353, 172, 511, 175, 545, 582, 98, 398, 591, 630, 634, 727, 747, 440, 253, 568, 331, 240, 213, 259, 657, 812, 833, 871, 910
284, 298, 350, 318, 357, 353, 172, 511, 175, 545, 582, 98, 398, 591, 630, 634, 727, 747, 440, 253, 568, 331, 240, 213, 259, 657, 812, 833, 871, 910
284, 298, 350, 318, 357, 353, 172, 511, 175, 545, 582, 98, 398, 591, 630, 634, 727, 747, 440, 253, 568, 331, 240, 213, 259, 657, 812, 833, 871, 910
284, 298, 350, 318, 357, 353, 172, 511, 175, 545, 582, 98, 398, 591, 630, 634, 727, 747, 440, 253, 568, 331, 240, 213, 259, 657, 812, 833, 871, 910
284, 298, 350, 318, 357, 353, 172, 511, 175, 545, 582, 98, 398, 591, 630, 634, 727, 440, 747, 253, 568, 331, 240, 213, 259, 657, 812, 833, 871, 910
284, 298, 350, 318, 357, 353, 172, 511, 175, 545, 582, 98, 398, 591, 630, 634, 727, 440, 253, 747, 568, 331, 240, 213, 259, 657, 812, 833, 871, 910
284, 298, 350, 318, 357, 353, 172, 511, 175, 545, 582, 98, 398, 591, 630, 634, 727, 440, 253, 568, 747, 331, 240, 213, 259, 657, 812, 833, 871, 910
284, 298, 350, 318, 357, 353, 172, 511, 175, 545, 582, 98, 398, 591, 630, 634, 727, 440, 253, 568, 331, 747, 240, 213, 259, 657, 812, 833, 871, 910
284, 298, 350, 318, 357, 353, 172, 511, 175, 545, 582, 98, 398, 591, 630, 634, 727, 440, 253, 568, 331, 240, 747, 213, 259, 657, 812, 833, 871, 910
284, 298, 350, 318, 357, 353, 172, 511, 175, 545, 582, 98, 398, 591, 630, 634, 727, 440, 253, 568, 331, 240, 213, 747, 259, 657, 812, 833, 871, 910
284, 298, 350, 318, 357, 353, 172, 511, 175, 545, 582, 98, 398, 591, 630, 634, 727, 440, 253, 568, 331, 240, 213, 259, 747, 657, 812, 833, 871, 910
284, 298, 350, 318, 357, 353, 172, 511, 175, 545, 582, 98, 398, 591, 630, 634, 727, 440, 253, 568, 331, 240, 213, 259, 657, 747, 812, 833, 871, 910
284, 298, 350, 318, 357, 353, 172, 511, 175, 545, 582, 98, 398, 591, 630, 634, 727, 440, 253, 568, 331, 240, 213, 259, 657, 747, 812, 833, 871, 910
284, 298, 350, 318, 357, 353, 172, 511, 175, 545, 582, 98, 398, 591, 630, 634, 727, 440, 253, 568, 331, 240, 213, 259, 657, 747, 812, 833, 871, 910
284, 298, 318, 350, 357, 353, 172, 511, 175, 545, 582, 98, 398, 591, 630, 634, 727, 440, 253, 568, 331, 240, 213, 259, 657, 747, 812, 833, 871, 910
284, 298, 318, 350, 357, 353, 172, 511, 175, 545, 582, 98, 398, 591, 630, 634, 727, 440, 253, 568, 331, 240, 213, 259, 657, 747, 812, 833, 871, 910
284, 298, 318, 350, 353, 357, 172, 511, 175, 545, 582, 98, 398, 591, 630, 634, 727, 440, 253, 568, 331, 240, 213, 259, 657, 747, 812, 833, 871, 910
284, 298, 318, 350, 353, 172, 357, 511, 175, 545, 582, 98, 398, 591, 630, 634, 727, 440, 253, 568, 331, 240, 213, 259, 657, 747, 812, 833, 871, 910
284, 298, 318, 350, 353, 172, 357, 511, 175, 545, 582, 98, 398, 591, 630, 634, 727, 440, 253, 568, 331, 240, 213, 259, 657, 747, 812, 833, 871, 910
284, 298, 318, 350, 353, 172, 357, 175, 511, 545, 582, 98, 398, 591, 630, 634, 727, 440, 253, 568, 331, 240, 213, 259, 657, 747, 812, 833, 871, 910
284, 298, 318, 350, 353, 172, 357, 175, 511, 545, 582, 98, 398, 591, 630, 634, 727, 440, 253, 568, 331, 240, 213, 259, 657, 747, 812, 833, 871, 910
284, 298, 318, 350, 353, 172, 357, 175, 511, 545, 582, 98, 398, 591, 630, 634, 727, 440, 253, 568, 331, 240, 213, 259, 657, 747, 812, 833, 871, 910
284, 298, 318, 350, 353, 172, 357, 175, 511, 545, 98, 582, 398, 591, 630, 634, 727, 440, 253, 568, 331, 240, 213, 259, 657, 747, 812, 833, 871, 910
284, 298, 318, 350, 353, 172, 357, 175, 511, 545, 98, 398, 582, 591, 630, 634, 727, 440, 253, 568, 331, 240, 213, 259, 657, 747, 812, 833, 871, 910
284, 298, 318, 350, 353, 172, 357, 175, 511, 545, 98, 398, 582, 591, 630, 634, 727, 440, 253, 568, 331, 240, 213, 259, 657, 747, 812, 833, 871, 910
284, 298, 318, 350, 353, 172, 357, 175, 511, 545, 98, 398, 582, 591, 630, 634, 727, 440, 253, 568, 331, 240, 213, 259, 657, 747, 812, 833, 871, 910
284, 298, 318, 350, 353, 172, 357, 175, 511, 545, 98, 398, 582, 591, 630, 634, 727, 440, 253, 568, 331, 240, 213, 259, 657, 747, 812, 833, 871, 910
284, 298, 318, 350, 353, 172, 357, 175, 511, 545, 98, 398, 582, 591, 630, 634, 727, 440, 253, 568, 331, 240, 213, 259, 657, 747, 812, 833, 871, 910
284, 298, 318, 350, 353, 172, 357, 175, 511, 545, 98, 398, 582, 591, 630, 634, 440, 727, 253, 568, 331, 240, 213, 259, 657, 747, 812, 833, 871, 910
284, 298, 318, 350, 353, 172, 357, 175, 511, 545, 98, 398, 582, 591, 630, 634, 440, 253, 727, 568, 331, 240, 213, 259, 657, 747, 812, 833, 871, 910
284, 298, 318, 350, 353, 172, 357, 175, 511, 545, 98, 398, 582, 591, 630, 634, 440, 253, 568, 727, 331, 240, 213, 259, 657, 747, 812, 833, 871, 910
284, 298, 318, 350, 353, 172, 357, 175, 511, 545, 98, 398, 582, 591, 630, 634, 440, 253, 568, 331, 727, 240, 213, 259, 657, 747, 812, 833, 871, 910
284, 298, 318, 350, 353, 172, 357, 175, 511, 545, 98, 398, 582, 591, 630, 634, 440, 253, 568, 331, 240, 727, 213, 259, 657, 747, 812, 833, 871, 910
284, 298, 318, 350, 353, 172, 357, 175, 511, 545, 98, 398, 582, 591, 630, 634, 440, 253, 568, 331, 240, 213, 727, 259, 657, 747, 812, 833, 871, 910
284, 298, 318, 350, 353, 172, 357, 175, 511, 545, 98, 398, 582, 591, 630, 634, 440, 253, 568, 331, 240, 213, 259, 727, 657, 747, 812, 833, 871, 910
284, 298, 318, 350, 353, 172, 357, 175, 511, 545, 98, 398, 582, 591, 630, 634, 440, 253, 568, 331, 240, 213, 259, 657, 727, 747, 812, 833, 871, 910
284, 298, 318, 350, 353, 172, 357, 175, 511, 545, 98, 398, 582, 591, 630, 634, 440, 253, 568, 331, 240, 213, 259, 657, 727, 747, 812, 833, 871, 910
284, 298, 318, 350, 353, 172, 357, 175, 511, 545, 98, 398, 582, 591, 630, 634, 440, 253, 568, 331, 240, 213, 259, 657, 727, 747, 812, 833, 871, 910
284, 298, 318, 350, 353, 172, 357, 175, 511, 545, 98, 398, 582, 591, 630, 634, 440, 253, 568, 331, 240, 213, 259, 657, 727, 747, 812, 833, 871, 910
284, 298, 318, 350, 353, 172, 357, 175, 511, 545, 98, 398, 582, 591, 630, 634, 440, 253, 568, 331, 240, 213, 259, 657, 727, 747, 812, 833, 871, 910
284, 298, 318, 350, 172, 353, 357, 175, 511, 545, 98, 398, 582, 591, 630, 634, 440, 253, 568, 331, 240, 213, 259, 657, 727, 747, 812, 833, 871, 910
284, 298, 318, 350, 172, 353, 357, 175, 511, 545, 98, 398, 582, 591, 630, 634, 440, 253, 568, 331, 240, 213, 259, 657, 727, 747, 812, 833, 871, 910
284, 298, 318, 350, 172, 353, 175, 357, 511, 545, 98, 398, 582, 591, 630, 634, 440, 253, 568, 331, 240, 213, 259, 657, 727, 747, 812, 833, 871, 910
284, 298, 318, 350, 172, 353, 175, 357, 511, 545, 98, 398, 582, 591, 630, 634, 440, 253, 568, 331, 240, 213, 259, 657, 727, 747, 812, 833, 871, 910
284, 298, 318, 350, 172, 353, 175, 357, 511, 545, 98, 398, 582, 591, 630, 634, 440, 253, 568, 331, 240, 213, 259, 657, 727, 747, 812, 833, 871, 910
284, 298, 318, 350, 172, 353, 175, 357, 511, 98, 545, 398, 582, 591, 630, 634, 440, 253, 568, 331, 240, 213, 259, 657, 727, 747, 812, 833, 871, 910
284, 298, 318, 350, 172, 353, 175, 357, 511, 98, 398, 545, 582, 591, 630, 634, 440, 253, 568, 331, 240, 213, 259, 657, 727, 747, 812, 833, 871, 910
284, 298, 318, 350, 172, 353, 175, 357, 511, 98, 398, 545, 582, 591, 630, 634, 440, 253, 568, 331, 240, 213, 259, 657, 727, 747, 812, 833, 871, 910
284, 298, 318, 350, 172, 353, 175, 357, 511, 98, 398, 545, 582, 591, 630, 634, 440, 253, 568, 331, 240, 213, 259, 657, 727, 747, 812, 833, 871, 910
284, 298, 318, 350, 172, 353, 175, 357, 511, 98, 398, 545, 582, 591, 630, 634, 440, 253, 568, 331, 240, 213, 259, 657, 727, 747, 812, 833, 871, 910
284, 298, 318, 350, 172, 353, 175, 357, 511, 98, 398, 545, 582, 591, 630, 634, 440, 253, 568, 331, 240, 213, 259, 657, 727, 747, 812, 833, 871, 910
284, 298, 318, 350, 172, 353, 175, 357, 511, 98, 398, 545, 582, 591, 630, 440, 634, 253, 568, 331, 240, 213, 259, 657, 727, 747, 812, 833, 871, 910
284, 298, 318, 350, 172, 353, 175, 357, 511, 98, 398, 545, 582, 591, 630, 440, 253, 634, 568, 331, 240, 213, 259, 657, 727, 747, 812, 833, 871, 910
284, 298, 318, 350, 172, 353, 175, 357, 511, 98, 398, 545, 582, 591, 630, 440, 253, 568, 634, 331, 240, 213, 259, 657, 727, 747, 812, 833, 871, 910
284, 298, 318, 350, 172, 353, 175, 357, 511, 98, 398, 545, 582, 591, 630, 440, 253, 568, 331, 634, 240, 213, 259, 657, 727, 747, 812, 833, 871, 910
284, 298, 318, 350, 172, 353, 175, 357, 511, 98, 398, 545, 582, 591, 630, 440, 253, 568, 331, 240, 634, 213, 259, 657, 727, 747, 812, 833, 871, 910
284, 298, 318, 350, 172, 353, 175, 357, 511, 98, 398, 545, 582, 591, 630, 440, 253, 568, 331, 240, 213, 634, 259, 657, 727, 747, 812, 833, 871, 910
284, 298, 318, 350, 172, 353, 175, 357, 511, 98, 398, 545, 582, 591, 630, 440, 253, 568, 331, 240, 213, 259, 634, 657, 727, 747, 812, 833, 871, 910
284, 298, 318, 350, 172, 353, 175, 357, 511, 98, 398, 545, 582, 591, 630, 440, 253, 568, 331, 240, 213, 259, 634, 657, 727, 747, 812, 833, 871, 910
284, 298, 318, 350, 172, 353, 175, 357, 511, 98, 398, 545, 582, 591, 630, 440, 253, 568, 331, 240, 213, 259, 634, 657, 727, 747, 812, 833, 871, 910
284, 298, 318, 350, 172, 353, 175, 357, 511, 98, 398, 545, 582, 591, 630, 440, 253, 568, 331, 240, 213, 259, 634, 657, 727, 747, 812, 833, 871, 910
284, 298, 318, 350, 172, 353, 175, 357, 511, 98, 398, 545, 582, 591, 630, 440, 253, 568, 331, 240, 213, 259, 634, 657, 727, 747, 812, 833, 871, 910
284, 298, 318, 172, 350, 353, 175, 357, 511, 98, 398, 545, 582, 591, 630, 440, 253, 568, 331, 240, 213, 259, 634, 657, 727, 747, 812, 833, 871, 910
284, 298, 318, 172, 350, 353, 175, 357, 511, 98, 398, 545, 582, 591, 630, 440, 253, 568, 331, 240, 213, 259, 634, 657, 727, 747, 812, 833, 871, 910
284, 298, 318, 172, 350, 175, 353, 357, 511, 98, 398, 545, 582, 591, 630, 440, 253, 568, 331, 240, 213, 259, 634, 657, 727, 747, 812, 833, 871, 910
284, 298, 318, 172, 350, 175, 353, 357, 511, 98, 398, 545, 582, 591, 630, 440, 253, 568, 331, 240, 213, 259, 634, 657, 727, 747, 812, 833, 871, 910
284, 298, 318, 172, 350, 175, 353, 357, 511, 98, 398, 545, 582, 591, 630, 440, 253, 568, 331, 240, 213, 259, 634, 657, 727, 747, 812, 833, 871, 910
284, 298, 318, 172, 350, 175, 353, 357, 98, 511, 398, 545, 582, 591, 630, 440, 253, 568, 331, 240, 213, 259, 634, 657, 727, 747, 812, 833, 871, 910
284, 298, 318, 172, 350, 175, 353, 357, 98, 398, 511, 545, 582, 591, 630, 440, 253, 568, 331, 240, 213, 259, 634, 657, 727, 747, 812, 833, 871, 910
284, 298, 318, 172, 350, 175, 353, 357, 98, 398, 511, 545, 582, 591, 630, 440, 253, 568, 331, 240, 213, 259, 634, 657, 727, 747, 812, 833, 871, 910
284, 298, 318, 172, 350, 175, 353, 357, 98, 398, 511, 545, 582, 591, 630, 440, 253, 568, 331, 240, 213, 259, 634, 657, 727, 747, 812, 833, 871, 910
284, 298, 318, 172, 350, 175, 353, 357, 98, 398, 511, 545, 582, 591, 630, 440, 253, 568, 331, 240, 213, 259, 634, 657, 727, 747, 812, 833, 871, 910
284, 298, 318, 172, 350, 175, 353, 357, 98, 398, 511, 545, 582, 591, 630, 440, 253, 568, 331, 240, 213, 259, 634, 657, 727, 747, 812, 833, 871, 910
284, 298, 318, 172, 350, 175, 353, 357, 98, 398, 511, 545, 582, 591, 440, 630, 253, 568, 331, 240, 213, 259, 634, 657, 727, 747, 812, 833, 871, 910
284, 298, 318, 172, 350, 175, 353, 357, 98, 398, 511, 545, 582, 591, 440, 253, 630, 568, 331, 240, 213, 259, 634, 657, 727, 747, 812, 833, 871, 910
284, 298, 318, 172, 350, 175, 353, 357, 98, 398, 511, 545, 582, 591, 440, 253, 568, 630, 331, 240, 213, 259, 634, 657, 727, 747, 812, 833, 871, 910
284, 298, 318, 172, 350, 175, 353, 357, 98, 398, 511, 545, 582, 591, 440, 253, 568, 331, 630, 240, 213, 259, 634, 657, 727, 747, 812, 833, 871, 910
284, 298, 318, 172, 350, 175, 353, 357, 98, 398, 511, 545, 582, 591, 440, 253, 568, 331, 240, 630, 213, 259, 634, 657, 727, 747, 812, 833, 871, 910
284, 298, 318, 172, 350, 175, 353, 357, 98, 398, 511, 545, 582, 591, 440, 253, 568, 331, 240, 213, 630, 259, 634, 657, 727, 747, 812, 833, 871, 910
284, 298, 318, 172, 350, 175, 353, 357, 98, 398, 511, 545, 582, 591, 440, 253, 568, 331, 240, 213, 259, 630, 634, 657, 727, 747, 812, 833, 871, 910
284, 298, 318, 172, 350, 175, 353, 357, 98, 398, 511, 545, 582, 591, 440, 253, 568, 331, 240, 213, 259, 630, 634, 657, 727, 747, 812, 833, 871, 910
284, 298, 318, 172, 350, 175, 353, 357, 98, 398, 511, 545, 582, 591, 440, 253, 568, 331, 240, 213, 259, 630, 634, 657, 727, 747, 812, 833, 871, 910
284, 298, 318, 172, 350, 175, 353, 357, 98, 398, 511, 545, 582, 591, 440, 253, 568, 331, 240, 213, 259, 630, 634, 657, 727, 747, 812, 833, 871, 910
284, 298, 172, 318, 350, 175, 353, 357, 98, 398, 511, 545, 582, 591, 440, 253, 568, 331, 240, 213, 259, 630, 634, 657, 727, 747, 812, 833, 871, 910
284, 298, 172, 318, 350, 175, 353, 357, 98, 398, 511, 545, 582, 591, 440, 253, 568, 331, 240, 213, 259, 630, 634, 657, 727, 747, 812, 833, 871, 910
284, 298, 172, 318, 175, 350, 353, 357, 98, 398, 511, 545, 582, 591, 440, 253, 568, 331, 240, 213, 259, 630, 634, 657, 727, 747, 812, 833, 871, 910
284, 298, 172, 318, 175, 350, 353, 357, 98, 398, 511, 545, 582, 591, 440, 253, 568, 331, 240, 213, 259, 630, 634, 657, 727, 747, 812, 833, 871, 910
284, 298, 172, 318, 175, 350, 353, 357, 98, 398, 511, 545, 582, 591, 440, 253, 568, 331, 240, 213, 259, 630, 634, 657, 727, 747, 812, 833, 871, 910
284, 298, 172, 318, 175, 350, 353, 98, 357, 398, 511, 545, 582, 591, 440, 253, 568, 331, 240, 213, 259, 630, 634, 657, 727, 747, 812, 833, 871, 910
284, 298, 172, 318, 175, 350, 353, 98, 357, 398, 511, 545, 582, 591, 440, 253, 568, 331, 240, 213, 259, 630, 634, 657, 727, 747, 812, 833, 871, 910
284, 298, 172, 318, 175, 350, 353, 98, 357, 398, 511, 545, 582, 591, 440, 253, 568, 331, 240, 213, 259, 630, 634, 657, 727, 747, 812, 833, 871, 910
284, 298, 172, 318, 175, 350, 353, 98, 357, 398, 511, 545, 582, 591, 440, 253, 568, 331, 240, 213, 259, 630, 634, 657, 727, 747, 812, 833, 871, 910
284, 298, 172, 318, 175, 350, 353, 98, 357, 398, 511, 545, 582, 591, 440, 253, 568, 331, 240, 213, 259, 630, 634, 657, 727, 747, 812, 833, 871, 910
284, 298, 172, 318, 175, 350, 353, 98, 357, 398, 511, 545, 582, 591, 440, 253, 568, 331, 240, 213, 259, 630, 634, 657, 727, 747, 812, 833, 871, 910
284, 298, 172, 318, 175, 350, 353, 98, 357, 398, 511, 545, 582, 440, 591, 253, 568, 331, 240, 213, 259, 630, 634, 657, 727, 747, 812, 833, 871, 910
284, 298, 172, 318, 175, 350, 353, 98, 357, 398, 511, 545, 582, 440, 253, 591, 568, 331, 240, 213, 259, 630, 634, 657, 727, 747, 812, 833, 871, 910
284, 298, 172, 318, 175, 350, 353, 98, 357, 398, 511, 545, 582, 440, 253, 568, 591, 331, 240, 213, 259, 630, 634, 657, 727, 747, 812, 833, 871, 910
284, 298, 172, 318, 175, 350, 353, 98, 357, 398, 511, 545, 582, 440, 253, 568, 331, 591, 240, 213, 259, 630, 634, 657, 727, 747, 812, 833, 871, 910
284, 298, 172, 318, 175, 350, 353, 98, 357, 398, 511, 545, 582, 440, 253, 568, 331, 240, 591, 213, 259, 630, 634, 657, 727, 747, 812, 833, 871, 910
284, 298, 172, 318, 175, 350, 353, 98, 357, 398, 511, 545, 582, 440, 253, 568, 331, 240, 213, 591, 259, 630, 634, 657, 727, 747, 812, 833, 871, 910
284, 298, 172, 318, 175, 350, 353, 98, 357, 398, 511, 545, 582, 440, 253, 568, 331, 240, 213, 259, 591, 630, 634, 657, 727, 747, 812, 833, 871, 910
284, 298, 172, 318, 175, 350, 353, 98, 357, 398, 511, 545, 582, 440, 253, 568, 331, 240, 213, 259, 591, 630, 634, 657, 727, 747, 812, 833, 871, 910
284, 298, 172, 318, 175, 350, 353, 98, 357, 398, 511, 545, 582, 440, 253, 568, 331, 240, 213, 259, 591, 630, 634, 657, 727, 747, 812, 833, 871, 910
284, 172, 298, 318, 175, 350, 353, 98, 357, 398, 511, 545, 582, 440, 253, 568, 331, 240, 213, 259, 591, 630, 634, 657, 727, 747, 812, 833, 871, 910
284, 172, 298, 318, 175, 350, 353, 98, 357, 398, 511, 545, 582, 440, 253, 568, 331, 240, 213, 259, 591, 630, 634, 657, 727, 747, 812, 833, 871, 910
284, 172, 298, 175, 318, 350, 353, 98, 357, 398, 511, 545, 582, 440, 253, 568, 331, 240, 213, 259, 591, 630, 634, 657, 727, 747, 812, 833, 871, 910
284, 172, 298, 175, 318, 350, 353, 98, 357, 398, 511, 545, 582, 440, 253, 568, 331, 240, 213, 259, 591, 630, 634, 657, 727, 747, 812, 833, 871, 910
284, 172, 298, 175, 318, 350, 353, 98, 357, 398, 511, 545, 582, 440, 253, 568, 331, 240, 213, 259, 591, 630, 634, 657, 727, 747, 812, 833, 871, 910
284, 172, 298, 175, 318, 350, 98, 353, 357, 398, 511, 545, 582, 440, 253, 568, 331, 240, 213, 259, 591, 630, 634, 657, 727, 747, 812, 833, 871, 910
284, 172, 298, 175, 318, 350, 98, 353, 357, 398, 511, 545, 582, 440, 253, 568, 331, 240, 213, 259, 591, 630, 634, 657, 727, 747, 812, 833, 871, 910
284, 172, 298, 175, 318, 350, 98, 353, 357, 398, 511, 545, 582, 440, 253, 568, 331, 240, 213, 259, 591, 630, 634, 657, 727, 747, 812, 833, 871, 910
284, 172, 298, 175, 318, 350, 98, 353, 357, 398, 511, 545, 582, 440, 253, 568, 331, 240, 213, 259, 591, 630, 634, 657, 727, 747, 812, 833, 871, 910
284, 172, 298, 175, 318, 350, 98, 353, 357, 398, 511, 545, 582, 440, 253, 568, 331, 240, 213, 259, 591, 630, 634, 657, 727, 747, 812, 833, 871, 910
284, 172, 298, 175, 318, 350, 98, 353, 357, 398, 511, 545, 582, 440, 253, 568, 331, 240, 213, 259, 591, 630, 634, 657, 727, 747, 812, 833, 871, 910
284, 172, 298, 175, 318, 350, 98, 353, 357, 398, 511, 545, 440, 582, 253, 568, 331, 240, 213, 259, 591, 630, 634, 657, 727, 747, 812, 833, 871, 910
284, 172, 298, 175, 318, 350, 98, 353, 357, 398, 511, 545, 440, 253, 582, 568, 331, 240, 213, 259, 591, 630, 634, 657, 727, 747, 812, 833, 871, 910
284, 172, 298, 175, 318, 350, 98, 353, 357, 398, 511, 545, 440, 253, 568, 582, 331, 240, 213, 259, 591, 630, 634, 657, 727, 747, 812, 833, 871, 910
284, 172, 298, 175, 318, 350, 98, 353, 357, 398, 511, 545, 440, 253, 568, 331, 582, 240, 213, 259, 591, 630, 634, 657, 727, 747, 812, 833, 871, 910
284, 172, 298, 175, 318, 350, 98, 353, 357, 398, 511, 545, 440, 253, 568, 331, 240, 582, 213, 259, 591, 630, 634, 657, 727, 747, 812, 833, 871, 910
284, 172, 298, 175, 318, 350, 98, 353, 357, 398, 511, 545, 440, 253, 568, 331, 240, 213, 582, 259, 591, 630, 634, 657, 727, 747, 812, 833, 871, 910
284, 172, 298, 175, 318, 350, 98, 353, 357, 398, 511, 545, 440, 253, 568, 331, 240, 213, 259, 582, 591, 630, 634, 657, 727, 747, 812, 833, 871, 910
284, 172, 298, 175, 318, 350, 98, 353, 357, 398, 511, 545, 440, 253, 568, 331, 240, 213, 259, 582, 591, 630, 634, 657, 727, 747, 812, 833, 871, 910
172, 284, 298, 175, 318, 350, 98, 353, 357, 398, 511, 545, 440, 253, 568, 331, 240, 213, 259, 582, 591, 630, 634, 657, 727, 747, 812, 833, 871, 910
172, 284, 298, 175, 318, 350, 98, 353, 357, 398, 511, 545, 440, 253, 568, 331, 240, 213, 259, 582, 591, 630, 634, 657, 727, 747, 812, 833, 871, 910
172, 284, 175, 298, 318, 350, 98, 353, 357, 398, 511, 545, 440, 253, 568, 331, 240, 213, 259, 582, 591, 630, 634, 657, 727, 747, 812, 833, 871, 910
172, 284, 175, 298, 318, 350, 98, 353, 357, 398, 511, 545, 440, 253, 568, 331, 240, 213, 259, 582, 591, 630, 634, 657, 727, 747, 812, 833, 871, 910
172, 284, 175, 298, 318, 350, 98, 353, 357, 398, 511, 545, 440, 253, 568, 331, 240, 213, 259, 582, 591, 630, 634, 657, 727, 747, 812, 833, 871, 910
172, 284, 175, 298, 318, 98, 350, 353, 357, 398, 511, 545, 440, 253, 568, 331, 240, 213, 259, 582, 591, 630, 634, 657, 727, 747, 812, 833, 871, 910
172, 284, 175, 298, 318, 98, 350, 353, 357, 398, 511, 545, 440, 253, 568, 331, 240, 213, 259, 582, 591, 630, 634, 657, 727, 747, 812, 833, 871, 910
172, 284, 175, 298, 318, 98, 350, 353, 357, 398, 511, 545, 440, 253, 568, 331, 240, 213, 259, 582, 591, 630, 634, 657, 727, 747, 812, 833, 871, 910
172, 284, 175, 298, 318, 98, 350, 353, 357, 398, 511, 545, 440, 253, 568, 331, 240, 213, 259, 582, 591, 630, 634, 657, 727, 747, 812, 833, 871, 910
172, 284, 175, 298, 318, 98, 350, 353, 357, 398, 511, 545, 440, 253, 568, 331, 240, 213, 259, 582, 591, 630, 634, 657, 727, 747, 812, 833, 871, 910
172, 284, 175, 298, 318, 98, 350, 353, 357, 398, 511, 545, 440, 253, 568, 331, 240, 213, 259, 582, 591, 630, 634, 657, 727, 747, 812, 833, 871, 910
172, 284, 175, 298, 318, 98, 350, 353, 357, 398, 511, 440, 545, 253, 568, 331, 240, 213, 259, 582, 591, 630, 634, 657, 727, 747, 812, 833, 871, 910
172, 284, 175, 298, 318, 98, 350, 353, 357, 398, 511, 440, 253, 545, 568, 331, 240, 213, 259, 582, 591, 630, 634, 657, 727, 747, 812, 833, 871, 910
172, 284, 175, 298, 318, 98, 350, 353, 357, 398, 511, 440, 253, 545, 568, 331, 240, 213, 259, 582, 591, 630, 634, 657, 727, 747, 812, 833, 871, 910
172, 284, 175, 298, 318, 98, 350, 353, 357, 398, 511, 440, 253, 545, 331, 568, 240, 213, 259, 582, 591, 630, 634, 657, 727, 747, 812, 833, 871, 910
172, 284, 175, 298, 318, 98, 350, 353, 357, 398, 511, 440, 253, 545, 331, 240, 568, 213, 259, 582, 591, 630, 634, 657, 727, 747, 812, 833, 871, 910
172, 284, 175, 298, 318, 98, 350, 353, 357, 398, 511, 440, 253, 545, 331, 240, 213, 568, 259, 582, 591, 630, 634, 657, 727, 747, 812, 833, 871, 910
172, 284, 175, 298, 318, 98, 350, 353, 357, 398, 511, 440, 253, 545, 331, 240, 213, 259, 568, 582, 591, 630, 634, 657, 727, 747, 812, 833, 871, 910
172, 284, 175, 298, 318, 98, 350, 353, 357, 398, 511, 440, 253, 545, 331, 240, 213, 259, 568, 582, 591, 630, 634, 657, 727, 747, 812, 833, 871, 910
172, 284, 175, 298, 318, 98, 350, 353, 357, 398, 511, 440, 253, 545, 331, 240, 213, 259, 568, 582, 591, 630, 634, 657, 727, 747, 812, 833, 871, 910
172, 175, 284, 298, 318, 98, 350, 353, 357, 398, 511, 440, 253, 545, 331, 240, 213, 259, 568, 582, 591, 630, 634, 657, 727, 747, 812, 833, 871, 910
172, 175, 284, 298, 318, 98, 350, 353, 357, 398, 511, 440, 253, 545, 331, 240, 213, 259, 568, 582, 591, 630, 634, 657, 727, 747, 812, 833, 871, 910
172, 175, 284, 298, 318, 98, 350, 353, 357, 398, 511, 440, 253, 545, 331, 240, 213, 259, 568, 582, 591, 630, 634, 657, 727, 747, 812, 833, 871, 910
172, 175, 284, 298, 98, 318, 350, 353, 357, 398, 511, 440, 253, 545, 331, 240, 213, 259, 568, 582, 591, 630, 634, 657, 727, 747, 812, 833, 871, 910
172, 175, 284, 298, 98, 318, 350, 353, 357, 398, 511, 440, 253, 545, 331, 240, 213, 259, 568, 582, 591, 630, 634, 657, 727, 747, 812, 833, 871, 910
172, 175, 284, 298, 98, 318, 350, 353, 357, 398, 511, 440, 253, 545, 331, 240, 213, 259, 568, 582, 591, 630, 634, 657, 727, 747, 812, 833, 871, 910
172, 175, 284, 298, 98, 318, 350, 353, 357, 398, 511, 440, 253, 545, 331, 240, 213, 259, 568, 582, 591, 630, 634, 657, 727, 747, 812, 833, 871, 910
172, 175, 284, 298, 98, 318, 350, 353, 357, 398, 511, 440, 253, 545, 331, 240, 213, 259, 568, 582, 591, 630, 634, 657, 727, 747, 812, 833, 871, 910
172, 175, 284, 298, 98, 318, 350, 353, 357, 398, 511, 440, 253, 545, 331, 240, 213, 259, 568, 582, 591, 630, 634, 657, 727, 747, 812, 833, 871, 910
172, 175, 284, 298, 98, 318, 350, 353, 357, 398, 440, 511, 253, 545, 331, 240, 213, 259, 568, 582, 591, 630, 634, 657, 727, 747, 812, 833, 871, 910
172, 175, 284, 298, 98, 318, 350, 353, 357, 398, 440, 253, 511, 545, 331, 240, 213, 259, 568, 582, 591, 630, 634, 657, 727, 747, 812, 833, 871, 910
172, 175, 284, 298, 98, 318, 350, 353, 357, 398, 440, 253, 511, 545, 331, 240, 213, 259, 568, 582, 591, 630, 634, 657, 727, 747, 812, 833, 871, 910
172, 175, 284, 298, 98, 318, 350, 353, 357, 398, 440, 253, 511, 331, 545, 240, 213, 259, 568, 582, 591, 630, 634, 657, 727, 747, 812, 833, 871, 910
172, 175, 284, 298, 98, 318, 350, 353, 357, 398, 440, 253, 511, 331, 240, 545, 213, 259, 568, 582, 591, 630, 634, 657, 727, 747, 812, 833, 871, 910
172, 175, 284, 298, 98, 318, 350, 353, 357, 398, 440, 253, 511, 331, 240, 213, 545, 259, 568, 582, 591, 630, 634, 657, 727, 747, 812, 833, 871, 910
172, 175, 284, 298, 98, 318, 350, 353, 357, 398, 440, 253, 511, 331, 240, 213, 259, 545, 568, 582, 591, 630, 634, 657, 727, 747, 812, 833, 871, 910
172, 175, 284, 298, 98, 318, 350, 353, 357, 398, 440, 253, 511, 331, 240, 213, 259, 545, 568, 582, 591, 630, 634, 657, 727, 747, 812, 833, 871, 910
172, 175, 284, 298, 98, 318, 350, 353, 357, 398, 440, 253, 511, 331, 240, 213, 259, 545, 568, 582, 591, 630, 634, 657, 727, 747, 812, 833, 871, 910
172, 175, 284, 298, 98, 318, 350, 353, 357, 398, 440, 253, 511, 331, 240, 213, 259, 545, 568, 582, 591, 630, 634, 657, 727, 747, 812, 833, 871, 910
172, 175, 284, 298, 98, 318, 350, 353, 357, 398, 440, 253, 511, 331, 240, 213, 259, 545, 568, 582, 591, 630, 634, 657, 727, 747, 812, 833, 871, 910
172, 175, 284, 98, 298, 318, 350, 353, 357, 398, 440, 253, 511, 331, 240, 213, 259, 545, 568, 582, 591, 630, 634, 657, 727, 747, 812, 833, 871, 910
172, 175, 284, 98, 298, 318, 350, 353, 357, 398, 440, 253, 511, 331, 240, 213, 259, 545, 568, 582, 591, 630, 634, 657, 727, 747, 812, 833, 871, 910
172, 175, 284, 98, 298, 318, 350, 353, 357, 398, 440, 253, 511, 331, 240, 213, 259, 545, 568, 582, 591, 630, 634, 657, 727, 747, 812, 833, 871, 910
172, 175, 284, 98, 298, 318, 350, 353, 357, 398, 440, 253, 511, 331, 240, 213, 259, 545, 568, 582, 591, 630, 634, 657, 727, 747, 812, 833, 871, 910
172, 175, 284, 98, 298, 318, 350, 353, 357, 398, 440, 253, 511, 331, 240, 213, 259, 545, 568, 582, 591, 630, 634, 657, 727, 747, 812, 833, 871, 910
172, 175, 284, 98, 298, 318, 350, 353, 357, 398, 440, 253, 511, 331, 240, 213, 259, 545, 568, 582, 591, 630, 634, 657, 727, 747, 812, 833, 871, 910
172, 175, 284, 98, 298, 318, 350, 353, 357, 398, 440, 253, 511, 331, 240, 213, 259, 545, 568, 582, 591, 630, 634, 657, 727, 747, 812, 833, 871, 910
172, 175, 284, 98, 298, 318, 350, 353, 357, 398, 253, 440, 511, 331, 240, 213, 259, 545, 568, 582, 591, 630, 634, 657, 727, 747, 812, 833, 871, 910
172, 175, 284, 98, 298, 318, 350, 353, 357, 398, 253, 440, 511, 331, 240, 213, 259, 545, 568, 582, 591, 630, 634, 657, 727, 747, 812, 833, 871, 910
172, 175, 284, 98, 298, 318, 350, 353, 357, 398, 253, 440, 331, 511, 240, 213, 259, 545, 568, 582, 591, 630, 634, 657, 727, 747, 812, 833, 871, 910
172, 175, 284, 98, 298, 318, 350, 353, 357, 398, 253, 440, 331, 240, 511, 213, 259, 545, 568, 582, 591, 630, 634, 657, 727, 747, 812, 833, 871, 910
172, 175, 284, 98, 298, 318, 350, 353, 357, 398, 253, 440, 331, 240, 213, 511, 259, 545, 568, 582, 591, 630, 634, 657, 727, 747, 812, 833, 871, 910
172, 175, 284, 98, 298, 318, 350, 353, 357, 398, 253, 440, 331, 240, 213, 259, 511, 545, 568, 582, 591, 630, 634, 657, 727, 747, 812, 833, 871, 910
172, 175, 284, 98, 298, 318, 350, 353, 357, 398, 253, 440, 331, 240, 213, 259, 511, 545, 568, 582, 591, 630, 634, 657, 727, 747, 812, 833, 871, 910
172, 175, 284, 98, 298, 318, 350, 353, 357, 398, 253, 440, 331, 240, 213, 259, 511, 545, 568, 582, 591, 630, 634, 657, 727, 747, 812, 833, 871, 910
172, 175, 284, 98, 298, 318, 350, 353, 357, 398, 253, 440, 331, 240, 213, 259, 511, 545, 568, 582, 591, 630, 634, 657, 727, 747, 812, 833, 871, 910
172, 175, 98, 284, 298, 318, 350, 353, 357, 398, 253, 440, 331, 240, 213, 259, 511, 545, 568, 582, 591, 630, 634, 657, 727, 747, 812, 833, 871, 910
172, 175, 98, 284, 298, 318, 350, 353, 357, 398, 253, 440, 331, 240, 213, 259, 511, 545, 568, 582, 591, 630, 634, 657, 727, 747, 812, 833, 871, 910
172, 175, 98, 284, 298, 318, 350, 353, 357, 398, 253, 440, 331, 240, 213, 259, 511, 545, 568, 582, 591, 630, 634, 657, 727, 747, 812, 833, 871, 910
172, 175, 98, 284, 298, 318, 350, 353, 357, 398, 253, 440, 331, 240, 213, 259, 511, 545, 568, 582, 591, 630, 634, 657, 727, 747, 812, 833, 871, 910
172, 175, 98, 284, 298, 318, 350, 353, 357, 398, 253, 440, 331, 240, 213, 259, 511, 545, 568, 582, 591, 630, 634, 657, 727, 747, 812, 833, 871, 910
172, 175, 98, 284, 298, 318, 350, 353, 357, 398, 253, 440, 331, 240, 213, 259, 511, 545, 568, 582, 591, 630, 634, 657, 727, 747, 812, 833, 871, 910
172, 175, 98, 284, 298, 318, 350, 353, 357, 398, 253, 440, 331, 240, 213, 259, 511, 545, 568, 582, 591, 630, 634, 657, 727, 747, 812, 833, 871, 910
172, 175, 98, 284, 298, 318, 350, 353, 357, 253, 398, 440, 331, 240, 213, 259, 511, 545, 568, 582, 591, 630, 634, 657, 727, 747, 812, 833, 871, 910
172, 175, 98, 284, 298, 318, 350, 353, 357, 253, 398, 440, 331, 240, 213, 259, 511, 545, 568, 582, 591, 630, 634, 657, 727, 747, 812, 833, 871, 910
172, 175, 98, 284, 298, 318, 350, 353, 357, 253, 398, 331, 440, 240, 213, 259, 511, 545, 568, 582, 591, 630, 634, 657, 727, 747, 812, 833, 871, 910
172, 175, 98, 284, 298, 318, 350, 353, 357, 253, 398, 331, 240, 440, 213, 259, 511, 545, 568, 582, 591, 630, 634, 657, 727, 747, 812, 833, 871, 910
172, 175, 98, 284, 298, 318, 350, 353, 357, 253, 398, 331, 240, 213, 440, 259, 511, 545, 568, 582, 591, 630, 634, 657, 727, 747, 812, 833, 871, 910
172, 175, 98, 284, 298, 318, 350, 353, 357, 253, 398, 331, 240, 213, 259, 440, 511, 545, 568, 582, 591, 630, 634, 657, 727, 747, 812, 833, 871, 910
172, 175, 98, 284, 298, 318, 350, 353, 357, 253, 398, 331, 240, 213, 259, 440, 511, 545, 568, 582, 591, 630, 634, 657, 727, 747, 812, 833, 871, 910
172, 175, 98, 284, 298, 318, 350, 353, 357, 253, 398, 331, 240, 213, 259, 440, 511, 545, 568, 582, 591, 630, 634, 657, 727, 747, 812, 833, 871, 910
172, 98, 175, 284, 298, 318, 350, 353, 357, 253, 398, 331, 240, 213, 259, 440, 511, 545, 568, 582, 591, 630, 634, 657, 727, 747, 812, 833, 871, 910
172, 98, 175, 284, 298, 318, 350, 353, 357, 253, 398, 331, 240, 213, 259, 440, 511, 545, 568, 582, 591, 630, 634, 657, 727, 747, 812, 833, 871, 910
172, 98, 175, 284, 298, 318, 350, 353, 357, 253, 398, 331, 240, 213, 259, 440, 511, 545, 568, 582, 591, 630, 634, 657, 727, 747, 812, 833, 871, 910
172, 98, 175, 284, 298, 318, 350, 353, 357, 253, 398, 331, 240, 213, 259, 440, 511, 545, 568, 582, 591, 630, 634, 657, 727, 747, 812, 833, 871, 910
172, 98, 175, 284, 298, 318, 350, 353, 357, 253, 398, 331, 240, 213, 259, 440, 511, 545, 568, 582, 591, 630, 634, 657, 727, 747, 812, 833, 871, 910
172, 98, 175, 284, 298, 318, 350, 353, 357, 253, 398, 331, 240, 213, 259, 440, 511, 545, 568, 582, 591, 630, 634, 657, 727, 747, 812, 833, 871, 910
172, 98, 175, 284, 298, 318, 350, 353, 357, 253, 398, 331, 240, 213, 259, 440, 511, 545, 568, 582, 591, 630, 634, 657, 727, 747, 812, 833, 871, 910
172, 98, 175, 284, 298, 318, 350, 353, 253, 357, 398, 331, 240, 213, 259, 440, 511, 545, 568, 582, 591, 630, 634, 657, 727, 747, 812, 833, 871, 910
172, 98, 175, 284, 298, 318, 350, 353, 253, 357, 398, 331, 240, 213, 259, 440, 511, 545, 568, 582, 591, 630, 634, 657, 727, 747, 812, 833, 871, 910
172, 98, 175, 284, 298, 318, 350, 353, 253, 357, 331, 398, 240, 213, 259, 440, 511, 545, 568, 582, 591, 630, 634, 657, 727, 747, 812, 833, 871, 910
172, 98, 175, 284, 298, 318, 350, 353, 253, 357, 331, 240, 398, 213, 259, 440, 511, 545, 568, 582, 591, 630, 634, 657, 727, 747, 812, 833, 871, 910
172, 98, 175, 284, 298, 318, 350, 353, 253, 357, 331, 240, 213, 398, 259, 440, 511, 545, 568, 582, 591, 630, 634, 657, 727, 747, 812, 833, 871, 910
172, 98, 175, 284, 298, 318, 350, 353, 253, 357, 331, 240, 213, 259, 398, 440, 511, 545, 568, 582, 591, 630, 634, 657, 727, 747, 812, 833, 871, 910
172, 98, 175, 284, 298, 318, 350, 353, 253, 357, 331, 240, 213, 259, 398, 440, 511, 545, 568, 582, 591, 630, 634, 657, 727, 747, 812, 833, 871, 910
98, 172, 175, 284, 298, 318, 350, 353, 253, 357, 331, 240, 213, 259, 398, 440, 511, 545, 568, 582, 591, 630, 634, 657, 727, 747, 812, 833, 871, 910
98, 172, 175, 284, 298, 318, 350, 353, 253, 357, 331, 240, 213, 259, 398, 440, 511, 545, 568, 582, 591, 630, 634, 657, 727, 747, 812, 833, 871, 910
98, 172, 175, 284, 298, 318, 350, 353, 253, 357, 331, 240, 213, 259, 398, 440, 511, 545, 568, 582, 591, 630, 634, 657, 727, 747, 812, 833, 871, 910
98, 172, 175, 284, 298, 318, 350, 353, 253, 357, 331, 240, 213, 259, 398, 440, 511, 545, 568, 582, 591, 630, 634, 657, 727, 747, 812, 833, 871, 910
98, 172, 175, 284, 298, 318, 350, 353, 253, 357, 331, 240, 213, 259, 398, 440, 511, 545, 568, 582, 591, 630, 634, 657, 727, 747, 812, 833, 871, 910
98, 172, 175, 284, 298, 318, 350, 353, 253, 357, 331, 240, 213, 259, 398, 440, 511, 545, 568, 582, 591, 630, 634, 657, 727, 747, 812, 833, 871, 910
98, 172, 175, 284, 298, 318, 350, 353, 253, 357, 331, 240, 213, 259, 398, 440, 511, 545, 568, 582, 591, 630, 634, 657, 727, 747, 812, 833, 871, 910
98, 172, 175, 284, 298, 318, 350, 253, 353, 357, 331, 240, 213, 259, 398, 440, 511, 545, 568, 582, 591, 630, 634, 657, 727, 747, 812, 833, 871, 910
98, 172, 175, 284, 298, 318, 350, 253, 353, 357, 331, 240, 213, 259, 398, 440, 511, 545, 568, 582, 591, 630, 634, 657, 727, 747, 812, 833, 871, 910
98, 172, 175, 284, 298, 318, 350, 253, 353, 331, 357, 240, 213, 259, 398, 440, 511, 545, 568, 582, 591, 630, 634, 657, 727, 747, 812, 833, 871, 910
98, 172, 175, 284, 298, 318, 350, 253, 353, 331, 240, 357, 213, 259, 398, 440, 511, 545, 568, 582, 591, 630, 634, 657, 727, 747, 812, 833, 871, 910
98, 172, 175, 284, 298, 318, 350, 253, 353, 331, 240, 213, 357, 259, 398, 440, 511, 545, 568, 582, 591, 630, 634, 657, 727, 747, 812, 833, 871, 910
98, 172, 175, 284, 298, 318, 350, 253, 353, 331, 240, 213, 259, 357, 398, 440, 511, 545, 568, 582, 591, 630, 634, 657, 727, 747, 812, 833, 871, 910
98, 172, 175, 284, 298, 318, 350, 253, 353, 331, 240, 213, 259, 357, 398, 440, 511, 545, 568, 582, 591, 630, 634, 657, 727, 747, 812, 833, 871, 910
98, 172, 175, 284, 298, 318, 350, 253, 353, 331, 240, 213, 259, 357, 398, 440, 511, 545, 568, 582, 591, 630, 634, 657, 727, 747, 812, 833, 871, 910
98, 172, 175, 284, 298, 318, 350, 253, 353, 331, 240, 213, 259, 357, 398, 440, 511, 545, 568, 582, 591, 630, 634, 657, 727, 747, 812, 833, 871, 910
98, 172, 175, 284, 298, 318, 350, 253, 353, 331, 240, 213, 259, 357, 398, 440, 511, 545, 568, 582, 591, 630, 634, 657, 727, 747, 812, 833, 871, 910
98, 172, 175, 284, 298, 318, 350, 253, 353, 331, 240, 213, 259, 357, 398, 440, 511, 545, 568, 582, 591, 630, 634, 657, 727, 747, 812, 833, 871, 910
98, 172, 175, 284, 298, 318, 350, 253, 353, 331, 240, 213, 259, 357, 398, 440, 511, 545, 568, 582, 591, 630, 634, 657, 727, 747, 812, 833, 871, 910
98, 172, 175, 284, 298, 318, 350, 253, 353, 331, 240, 213, 259, 357, 398, 440, 511, 545, 568, 582, 591, 630, 634, 657, 727, 747, 812, 833, 871, 910
98, 172, 175, 284, 298, 318, 253, 350, 353, 331, 240, 213, 259, 357, 398, 440, 511, 545, 568, 582, 591, 630, 634, 657, 727, 747, 812, 833, 871, 910
98, 172, 175, 284, 298, 318, 253, 350, 353, 331, 240, 213, 259, 357, 398, 440, 511, 545, 568, 582, 591, 630, 634, 657, 727, 747, 812, 833, 871, 910
98, 172, 175, 284, 298, 318, 253, 350, 331, 353, 240, 213, 259, 357, 398, 440, 511, 545, 568, 582, 591, 630, 634, 657, 727, 747, 812, 833, 871, 910
98, 172, 175, 284, 298, 318, 253, 350, 331, 240, 353, 213, 259, 357, 398, 440, 511, 545, 568, 582, 591, 630, 634, 657, 727, 747, 812, 833, 871, 910
98, 172, 175, 284, 298, 318, 253, 350, 331, 240, 213, 353, 259, 357, 398, 440, 511, 545, 568, 582, 591, 630, 634, 657, 727, 747, 812, 833, 871, 910
98, 172, 175, 284, 298, 318, 253, 350, 331, 240, 213, 259, 353, 357, 398, 440, 511, 545, 568, 582, 591, 630, 634, 657, 727, 747, 812, 833, 871, 910
98, 172, 175, 284, 298, 318, 253, 350, 331, 240, 213, 259, 353, 357, 398, 440, 511, 545, 568, 582, 591, 630, 634, 657, 727, 747, 812, 833, 871, 910
98, 172, 175, 284, 298, 318, 253, 350, 331, 240, 213, 259, 353, 357, 398, 440, 511, 545, 568, 582, 591, 630, 634, 657, 727, 747, 812, 833, 871, 910
98, 172, 175, 284, 298, 318, 253, 350, 331, 240, 213, 259, 353, 357, 398, 440, 511, 545, 568, 582, 591, 630, 634, 657, 727, 747, 812, 833, 871, 910
98, 172, 175, 284, 298, 318, 253, 350, 331, 240, 213, 259, 353, 357, 398, 440, 511, 545, 568, 582, 591, 630, 634, 657, 727, 747, 812, 833, 871, 910
98, 172, 175, 284, 298, 318, 253, 350, 331, 240, 213, 259, 353, 357, 398, 440, 511, 545, 568, 582, 591, 630, 634, 657, 727, 747, 812, 833, 871, 910
98, 172, 175, 284, 298, 318, 253, 350, 331, 240, 213, 259, 353, 357, 398, 440, 511, 545, 568, 582, 591, 630, 634, 657, 727, 747, 812, 833, 871, 910
98, 172, 175, 284, 298, 253, 318, 350, 331, 240, 213, 259, 353, 357, 398, 440, 511, 545, 568, 582, 591, 630, 634, 657, 727, 747, 812, 833, 871, 910
98, 172, 175, 284, 298, 253, 318, 350, 331, 240, 213, 259, 353, 357, 398, 440, 511, 545, 568, 582, 591, 630, 634, 657, 727, 747, 812, 833, 871, 910
98, 172, 175, 284, 298, 253, 318, 331, 350, 240, 213, 259, 353, 357, 398, 440, 511, 545, 568, 582, 591, 630, 634, 657, 727, 747, 812, 833, 871, 910
98, 172, 175, 284, 298, 253, 318, 331, 240, 350, 213, 259, 353, 357, 398, 440, 511, 545, 568, 582, 591, 630, 634, 657, 727, 747, 812, 833, 871, 910
98, 172, 175, 284, 298, 253, 318, 331, 240, 213, 350, 259, 353, 357, 398, 440, 511, 545, 568, 582, 591, 630, 634, 657, 727, 747, 812, 833, 871, 910
98, 172, 175, 284, 298, 253, 318, 331, 240, 213, 259, 350, 353, 357, 398, 440, 511, 545, 568, 582, 591, 630, 634, 657, 727, 747, 812, 833, 871, 910
98, 172, 175, 284, 298, 253, 318, 331, 240, 213, 259, 350, 353, 357, 398, 440, 511, 545, 568, 582, 591, 630, 634, 657, 727, 747, 812, 833, 871, 910
98, 172, 175, 284, 298, 253, 318, 331, 240, 213, 259, 350, 353, 357, 398, 440, 511, 545, 568, 582, 591, 630, 634, 657, 727, 747, 812, 833, 871, 910
98, 172, 175, 284, 298, 253, 318, 331, 240, 213, 259, 350, 353, 357, 398, 440, 511, 545, 568, 582, 591, 630, 634, 657, 727, 747, 812, 833, 871, 910
98, 172, 175, 284, 298, 253, 318, 331, 240, 213, 259, 350, 353, 357, 398, 440, 511, 545, 568, 582, 591, 630, 634, 657, 727, 747, 812, 833, 871, 910
98, 172, 175, 284, 298, 253, 318, 331, 240, 213, 259, 350, 353, 357, 398, 440, 511, 545, 568, 582, 591, 630, 634, 657, 727, 747, 812, 833, 871, 910
98, 172, 175, 284, 253, 298, 318, 331, 240, 213, 259, 350, 353, 357, 398, 440, 511, 545, 568, 582, 591, 630, 634, 657, 727, 747, 812, 833, 871, 910
98, 172, 175, 284, 253, 298, 318, 331, 240, 213, 259, 350, 353, 357, 398, 440, 511, 545, 568, 582, 591, 630, 634, 657, 727, 747, 812, 833, 871, 910
98, 172, 175, 284, 253, 298, 318, 331, 240, 213, 259, 350, 353, 357, 398, 440, 511, 545, 568, 582, 591, 630, 634, 657, 727, 747, 812, 833, 871, 910
98, 172, 175, 284, 253, 298, 318, 240, 331, 213, 259, 350, 353, 357, 398, 440, 511, 545, 568, 582, 591, 630, 634, 657, 727, 747, 812, 833, 871, 910
98, 172, 175, 284, 253, 298, 318, 240, 213, 331, 259, 350, 353, 357, 398, 440, 511, 545, 568, 582, 591, 630, 634, 657, 727, 747, 812, 833, 871, 910
98, 172, 175, 284, 253, 298, 318, 240, 213, 259, 331, 350, 353, 357, 398, 440, 511, 545, 568, 582, 591, 630, 634, 657, 727, 747, 812, 833, 871, 910
98, 172, 175, 284, 253, 298, 318, 240, 213, 259, 331, 350, 353, 357, 398, 440, 511, 545, 568, 582, 591, 630, 634, 657, 727, 747, 812, 833, 871, 910
98, 172, 175, 284, 253, 298, 318, 240, 213, 259, 331, 350, 353, 357, 398, 440, 511, 545, 568, 582, 591, 630, 634, 657, 727, 747, 812, 833, 871, 910
98, 172, 175, 284, 253, 298, 318, 240, 213, 259, 331, 350, 353, 357, 398, 440, 511, 545, 568, 582, 591, 630, 634, 657, 727, 747, 812, 833, 871, 910
98, 172, 175, 284, 253, 298, 318, 240, 213, 259, 331, 350, 353, 357, 398, 440, 511, 545, 568, 582, 591, 630, 634, 657, 727, 747, 812, 833, 871, 910
98, 172, 175, 253, 284, 298, 318, 240, 213, 259, 331, 350, 353, 357, 398, 440, 511, 545, 568, 582, 591, 630, 634, 657, 727, 747, 812, 833, 871, 910
98, 172, 175, 253, 284, 298, 318, 240, 213, 259, 331, 350, 353, 357, 398, 440, 511, 545, 568, 582, 591, 630, 634, 657, 727, 747, 812, 833, 871, 910
98, 172, 175, 253, 284, 298, 318, 240, 213, 259, 331, 350, 353, 357, 398, 440, 511, 545, 568, 582, 591, 630, 634, 657, 727, 747, 812, 833, 871, 910
98, 172, 175, 253, 284, 298, 240, 318, 213, 259, 331, 350, 353, 357, 398, 440, 511, 545, 568, 582, 591, 630, 634, 657, 727, 747, 812, 833, 871, 910
98, 172, 175, 253, 284, 298, 240, 213, 318, 259, 331, 350, 353, 357, 398, 440, 511, 545, 568, 582, 591, 630, 634, 657, 727, 747, 812, 833, 871, 910
98, 172, 175, 253, 284, 298, 240, 213, 259, 318, 331, 350, 353, 357, 398, 440, 511, 545, 568, 582, 591, 630, 634, 657, 727, 747, 812, 833, 871, 910
98, 172, 175, 253, 284, 298, 240, 213, 259, 318, 331, 350, 353, 357, 398, 440, 511, 545, 568, 582, 591, 630, 634, 657, 727, 747, 812, 833, 871, 910
98, 172, 175, 253, 284, 298, 240, 213, 259, 318, 331, 350, 353, 357, 398, 440, 511, 545, 568, 582, 591, 630, 634, 657, 727, 747, 812, 833, 871, 910
98, 172, 175, 253, 284, 298, 240, 213, 259, 318, 331, 350, 353, 357, 398, 440, 511, 545, 568, 582, 591, 630, 634, 657, 727, 747, 812, 833, 871, 910
98, 172, 175, 253, 284, 298, 240, 213, 259, 318, 331, 350, 353, 357, 398, 440, 511, 545, 568, 582, 591, 630, 634, 657, 727, 747, 812, 833, 871, 910
98, 172, 175, 253, 284, 298, 240, 213, 259, 318, 331, 350, 353, 357, 398, 440, 511, 545, 568, 582, 591, 630, 634, 657, 727, 747, 812, 833, 871, 910
98, 172, 175, 253, 284, 298, 240, 213, 259, 318, 331, 350, 353, 357, 398, 440, 511, 545, 568, 582, 591, 630, 634, 657, 727, 747, 812, 833, 871, 910
98, 172, 175, 253, 284, 240, 298, 213, 259, 318, 331, 350, 353, 357, 398, 440, 511, 545, 568, 582, 591, 630, 634, 657, 727, 747, 812, 833, 871, 910
98, 172, 175, 253, 284, 240, 213, 298, 259, 318, 331, 350, 353, 357, 398, 440, 511, 545, 568, 582, 591, 630, 634, 657, 727, 747, 812, 833, 871, 910
98, 172, 175, 253, 284, 240, 213, 259, 298, 318, 331, 350, 353, 357, 398, 440, 511, 545, 568, 582, 591, 630, 634, 657, 727, 747, 812, 833, 871, 910
98, 172, 175, 253, 284, 240, 213, 259, 298, 318, 331, 350, 353, 357, 398, 440, 511, 545, 568, 582, 591, 630, 634, 657, 727, 747, 812, 833, 871, 910
98, 172, 175, 253, 284, 240, 213, 259, 298, 318, 331, 350, 353, 357, 398, 440, 511, 545, 568, 582, 591, 630, 634, 657, 727, 747, 812, 833, 871, 910
98, 172, 175, 253, 284, 240, 213, 259, 298, 318, 331, 350, 353, 357, 398, 440, 511, 545, 568, 582, 591, 630, 634, 657, 727, 747, 812, 833, 871, 910
98, 172, 175, 253, 284, 240, 213, 259, 298, 318, 331, 350, 353, 357, 398, 440, 511, 545, 568, 582, 591, 630, 634, 657, 727, 747, 812, 833, 871, 910
98, 172, 175, 253, 284, 240, 213, 259, 298, 318, 331, 350, 353, 357, 398, 440, 511, 545, 568, 582, 591, 630, 634, 657, 727, 747, 812, 833, 871, 910
98, 172, 175, 253, 240, 284, 213, 259, 298, 318, 331, 350, 353, 357, 398, 440, 511, 545, 568, 582, 591, 630, 634, 657, 727, 747, 812, 833, 871, 910
98, 172, 175, 253, 240, 213, 284, 259, 298, 318, 331, 350, 353, 357, 398, 440, 511, 545, 568, 582, 591, 630, 634, 657, 727, 747, 812, 833, 871, 910
98, 172, 175, 253, 240, 213, 259, 284, 298, 318, 331, 350, 353, 357, 398, 440, 511, 545, 568, 582, 591, 630, 634, 657, 727, 747, 812, 833, 871, 910
98, 172, 175, 253, 240, 213, 259, 284, 298, 318, 331, 350, 353, 357, 398, 440, 511, 545, 568, 582, 591, 630, 634, 657, 727, 747, 812, 833, 871, 910
98, 172, 175, 253, 240, 213, 259, 284, 298, 318, 331, 350, 353, 357, 398, 440, 511, 545, 568, 582, 591, 630, 634, 657, 727, 747, 812, 833, 871, 910
98, 172, 175, 253, 240, 213, 259, 284, 298, 318, 331, 350, 353, 357, 398, 440, 511, 545, 568, 582, 591, 630, 634, 657, 727, 747, 812, 833, 871, 910
98, 172, 175, 253, 240, 213, 259, 284, 298, 318, 331, 350, 353, 357, 398, 440, 511, 545, 568, 582, 591, 630, 634, 657, 727, 747, 812, 833, 871, 910
98, 172, 175, 240, 253, 213, 259, 284, 298, 318, 331, 350, 353, 357, 398, 440, 511, 545, 568, 582, 591, 630, 634, 657, 727, 747, 812, 833, 871, 910
98, 172, 175, 240, 213, 253, 259, 284, 298, 318, 331, 350, 353, 357, 398, 440, 511, 545, 568, 582, 591, 630, 634, 657, 727, 747, 812, 833, 871, 910
98, 172, 175, 240, 213, 253, 259, 284, 298, 318, 331, 350, 353, 357, 398, 440, 511, 545, 568, 582, 591, 630, 634, 657, 727, 747, 812, 833, 871, 910
98, 172, 175, 240, 213, 253, 259, 284, 298, 318, 331, 350, 353, 357, 398, 440, 511, 545, 568, 582, 591, 630, 634, 657, 727, 747, 812, 833, 871, 910
98, 172, 175, 240, 213, 253, 259, 284, 298, 318, 331, 350, 353, 357, 398, 440, 511, 545, 568, 582, 591, 630, 634, 657, 727, 747, 812, 833, 871, 910
98, 172, 175, 240, 213, 253, 259, 284, 298, 318, 331, 350, 353, 357, 398, 440, 511, 545, 568, 582, 591, 630, 634, 657, 727, 747, 812, 833, 871, 910
98, 172, 175, 240, 213, 253, 259, 284, 298, 318, 331, 350, 353, 357, 398, 440, 511, 545, 568, 582, 591, 630, 634, 657, 727, 747, 812, 833, 871, 910
98, 172, 175, 213, 240, 253, 259, 284, 298, 318, 331, 350, 353, 357, 398, 440, 511, 545, 568, 582, 591, 630, 634, 657, 727, 747, 812, 833, 871, 910
98, 172, 175, 213, 240, 253, 259, 284, 298, 318, 331, 350, 353, 357, 398, 440, 511, 545, 568, 582, 591, 630, 634, 657, 727, 747, 812, 833, 871, 910
98, 172, 175, 213, 240, 253, 259, 284, 298, 318, 331, 350, 353, 357, 398, 440, 511, 545, 568, 582, 591, 630, 634, 657, 727, 747, 812, 833, 871, 910
98, 172, 175, 213, 240, 253, 259, 284, 298, 318, 331, 350, 353, 357, 398, 440, 511, 545, 568, 582, 591, 630, 634, 657, 727, 747, 812, 833, 871, 910
98, 172, 175, 213, 240, 253, 259, 284, 298, 318, 331, 350, 353, 357, 398, 440, 511, 545, 568, 582, 591, 630, 634, 657, 727, 747, 812, 833, 871, 910
98, 172, 175, 213, 240, 253, 259, 284, 298, 318, 331, 350, 353, 357, 398, 440, 511, 545, 568, 582, 591, 630, 634, 657, 727, 747, 812, 833, 871, 910
98, 172, 175, 213, 240, 253, 259, 284, 298, 318, 331, 350, 353, 357, 398, 440, 511, 545, 568, 582, 591, 630, 634, 657, 727, 747, 812, 833, 871, 910
98, 172, 175, 213, 240, 253, 259, 284, 298, 318, 331, 350, 353, 357, 398, 440, 511, 545, 568, 582, 591, 630, 634, 657, 727, 747, 812, 833, 871, 910
98, 172, 175, 213, 240, 253, 259, 284, 298, 318, 331, 350, 353, 357, 398, 440, 511, 545, 568, 582, 591, 630, 634, 657, 727, 747, 812, 833, 871, 910
98, 172, 175, 213, 240, 253, 259, 284, 298, 318, 331, 350, 353, 357, 398, 440, 511, 545, 568, 582, 591, 630, 634, 657, 727, 747, 812, 833, 871, 910
98, 172, 175, 213, 240, 253, 259, 284, 298, 318, 331, 350, 353, 357, 398, 440, 511, 545, 568, 582, 591, 630, 634, 657, 727, 747, 812, 833, 871, 910
98, 172, 175, 213, 240, 253, 259, 284, 298, 318, 331, 350, 353, 357, 398, 440, 511, 545, 568, 582, 591, 630, 634, 657, 727, 747, 812, 833, 871, 910
98, 172, 175, 213, 240, 253, 259, 284, 298, 318, 331, 350, 353, 357, 398, 440, 511, 545, 568, 582, 591, 630, 634, 657, 727, 747, 812, 833, 871, 910
98, 172, 175, 213, 240, 253, 259, 284, 298, 318, 331, 350, 353, 357, 398, 440, 511, 545, 568, 582, 591, 630, 634, 657, 727, 747, 812, 833, 871, 910
98, 172, 175, 213, 240, 253, 259, 284, 298, 318, 331, 350, 353, 357, 398, 440, 511, 545, 568, 582, 591, 630, 634, 657, 727, 747, 812, 833, 871, 910
98, 172, 175, 213, 240, 253, 259, 284, 298, 318, 331, 350, 353, 357, 398, 440, 511, 545, 568, 582, 591, 630, 634, 657, 727, 747, 812, 833, 871, 910
98, 172, 175, 213, 240, 253, 259, 284, 298, 318, 331, 350, 353, 357, 398, 440, 511, 545, 568, 582, 591, 630, 634, 657, 727, 747, 812, 833, 871, 910
98, 172, 175, 213, 240, 253, 259, 284, 298, 318, 331, 350, 353, 357, 398, 440, 511, 545, 568, 582, 591, 630, 634, 657, 727, 747, 812, 833, 871, 910
