595, 195, 9, 437, 701, 440, 109, 679, 510, 262, 748, 184, 645, 532, 720, 788, 296, 369, 603, 766, 484, 822, 927, 705, 231, 151, 263, 866, 781, 928
595, 195, 9, 437, 701, 440, 109, 679, 510, 262, 748, 184, 645, 532, 720, 788, 296, 369, 603, 766, 484, 822, 781, 705, 231, 151, 263, 866, 927, 928
595, 195, 9, 437, 701, 440, 109, 679, 510, 262, 748, 184, 645, 532, 720, 788, 296, 369, 603, 766, 484, 822, 781, 705, 231, 151, 263, 866, 927, 928
595, 195, 9, 437, 701, 440, 109, 679, 510, 262, 748, 184, 645, 532, 720, 788, 296, 369, 603, 766, 484, 263, 781, 705, 231, 151, 822, 866, 927, 928
595, 195, 9, 437, 701, 440, 109, 679, 510, 262, 748, 184, 645, 532, 720, 151, 296, 369, 603, 766, 484, 263, 781, 705, 231, 788, 822, 866, 927, 928
595, 195, 9, 437, 701, 440, 109, 679, 510, 262, 748, 184, 645, 532, 720, 151, 296, 369, 603, 766, 484, 263, 231, 705, 781, 788, 822, 866, 927, 928
595, 195, 9, 437, 701, 440, 109, 679, 510, 262, 748, 184, 645, 532, 720, 151, 296, 369, 603, 705, 484, 263, 231, 766, 781, 788, 822, 866, 927, 928
595, 195, 9, 437, 701, 440, 109, 679, 510, 262, 231, 184, 645, 532, 720, 151, 296, 369, 603, 705, 484, 263, 748, 766, 781, 788, 822, 866, 927, 928
595, 195, 9, 437, 701, 440, 109, 679, 510, 262, 231, 184, 645, 532, 263, 151, 296, 369, 603, 705, 484, 720, 748, 766, 781, 788, 822, 866, 927, 928
595, 195, 9, 437, 701, 440, 109, 679, 510, 262, 231, 184, 645, 532, 263, 151, 296, 369, 603, 484, 705, 720, 748, 766, 781, 788, 822, 866, 927, 928
595, 195, 9, 437, 484, 440, 109, 679, 510, 262, 231, 184, 645, 532, 263, 151, 296, 369, 603, 701, 705, 720, 748, 766, 781, 788, 822, 866, 927, 928
595, 195, 9, 437, 484, 440, 109, 603, 510, 262, 231, 184, 645, 532, 263, 151, 296, 369, 679, 701, 705, 720, 748, 766, 781, 788, 822, 866, 927, 928
595, 195, 9, 437, 484, 440, 109, 603, 510, 262, 231, 184, 369, 532, 263, 151, 296, 645, 679, 701, 705, 720, 748, 766, 781, 788, 822, 866, 927, 928
595, 195, 9, 437, 484, 440, 109, 296, 510, 262, 231, 184, 369, 532, 263, 151, 603, 645, 679, 701, 705, 720, 748, 766, 781, 788, 822, 866, 927, 928
151, 195, 9, 437, 484, 440, 109, 296, 510, 262, 231, 184, 369, 532, 263, 595, 603, 645, 679, 701, 705, 720, 748, 766, 781, 788, 822, 866, 927, 928
151, 195, 9, 437, 484, 440, 109, 296, 510, 262, 231, 184, 369, 263, 532, 595, 603, 645, 679, 701, 705, 720, 748, 766, 781, 788, 822, 866, 927, 928
151, 195, 9, 437, 484, 440, 109, 296, 263, 262, 231, 184, 369, 510, 532, 595, 603, 645, 679, 701, 705, 720, 748, 766, 781, 788, 822, 866, 927, 928
151, 195, 9, 437, 369, 440, 109, 296, 263, 262, 231, 184, 484, 510, 532, 595, 603, 645, 679, 701, 705, 720, 748, 766, 781, 788, 822, 866, 927, 928
151, 195, 9, 437, 369, 184, 109, 296, 263, 262, 231, 440, 484, 510, 532, 595, 603, 645, 679, 701, 705, 720, 748, 766, 781, 788, 822, 866, 927, 928
151, 195, 9, 231, 369, 184, 109, 296, 263, 262, 437, 440, 484, 510, 532, 595, 603, 645, 679, 701, 705, 720, 748, 766, 781, 788, 822, 866, 927, 928
151, 195, 9, 231, 262, 184, 109, 296, 263, 369, 437, 440, 484, 510, 532, 595, 603, 645, 679, 701, 705, 720, 748, 766, 781, 788, 822, 866, 927, 928
151, 195, 9, 231, 262, 184, 109, 263, 296, 369, 437, 440, 484, 510, 532, 595, 603, 645, 679, 701, 705, 720, 748, 766, 781, 788, 822, 866, 927, 928
151, 195, 9, 231, 262, 184, 109, 263, 296, 369, 437, 440, 484, 510, 532, 595, 603, 645, 679, 701, 705, 720, 748, 766, 781, 788, 822, 866, 927, 928
151, 195, 9, 231, 109, 184, 262, 263, 296, 369, 437, 440, 484, 510, 532, 595, 603, 645, 679, 701, 705, 720, 748, 766, 781, 788, 822, 866, 927, 928
151, 195, 9, 184, 109, 231, 262, 263, 296, 369, 437, 440, 484, 510, 532, 595, 603, 645, 679, 701, 705, 720, 748, 766, 781, 788, 822, 866, 927, 928
151, 109, 9, 184, 195, 231, 262, 263, 296, 369, 437, 440, 484, 510, 532, 595, 603, 645, 679, 701, 705, 720, 748, 766, 781, 788, 822, 866, 927, 928
151, 109, 9, 184, 195, 231, 262, 263, 296, 369, 437, 440, 484, 510, 532, 595, 603, 645, 679, 701, 705, 720, 748, 766, 781, 788, 822, 866, 927, 928
9, 109, 151, 184, 195, 231, 262, 263, 296, 369, 437, 440, 484, 510, 532, 595, 603, 645, 679, 701, 705, 720, 748, 766, 781, 788, 822, 866, 927, 928
9, 109, 151, 184, 195, 231, 262, 263, 296, 369, 437, 440, 484, 510, 532, 595, 603, 645, 679, 701, 705, 720, 748, 766, 781, 788, 822, 866, 927, 928
