189, 396, 490, 678, 884, 700, 152, 80, 150, 157, 57, 742, 108, 637, 701, 930, 878, 190, 306, 609, 980, 639, 710, 210, 917, 5, 573, 250, 474, 758
189, 396, 490, 678, 884, 700, 152, 80, 150, 157, 57, 742, 108, 637, 701, 930, 878, 190, 306, 609, 980, 639, 710, 210, 917, 5, 573, 250, 474, 758
189, 396, 490, 678, 884, 700, 152, 80, 150, 157, 57, 742, 108, 637, 758, 930, 878, 190, 306, 609, 980, 639, 710, 210, 917, 5, 573, 250, 474, 701
189, 396, 490, 678, 884, 700, 152, 80, 150, 157, 57, 742, 108, 637, 758, 930, 878, 190, 306, 609, 980, 639, 710, 210, 917, 5, 573, 250, 474, 701
189, 396, 490, 678, 884, 700, 152, 80, 150, 157, 57, 742, 108, 637, 758, 930, 878, 190, 306, 609, 980, 639, 710, 210, 917, 5, 573, 250, 474, 701
189, 396, 490, 678, 884, 700, 152, 80, 150, 157, 57, 742, 573, 637, 758, 930, 878, 190, 306, 609, 980, 639, 710, 210, 917, 5, 108, 250, 474, 701
189, 396, 490, 678, 884, 700, 152, 80, 150, 157, 57, 742, 573, 637, 758, 930, 878, 190, 306, 609, 980, 639, 710, 210, 917, 5, 108, 250, 474, 701
189, 396, 490, 678, 884, 700, 152, 80, 150, 157, 57, 917, 573, 637, 758, 930, 878, 190, 306, 609, 980, 639, 710, 210, 742, 5, 108, 250, 474, 701
189, 396, 490, 678, 884, 700, 152, 80, 150, 157, 57, 917, 573, 637, 758, 930, 878, 190, 306, 609, 980, 639, 710, 210, 742, 5, 108, 250, 474, 701
189, 396, 490, 678, 884, 700, 152, 80, 150, 157, 710, 917, 573, 637, 758, 930, 878, 190, 306, 609, 980, 639, 57, 210, 742, 5, 108, 250, 474, 701
189, 396, 490, 678, 884, 700, 152, 80, 150, 157, 710, 917, 573, 637, 758, 930, 878, 190, 306, 609, 980, 639, 57, 210, 742, 5, 108, 250, 474, 701
189, 396, 490, 678, 884, 700, 152, 80, 150, 980, 710, 917, 573, 637, 758, 930, 878, 190, 306, 609, 157, 639, 57, 210, 742, 5, 108, 250, 474, 701
189, 396, 490, 678, 884, 700, 152, 80, 150, 980, 710, 917, 573, 637, 758, 930, 878, 190, 306, 609, 157, 639, 57, 210, 742, 5, 108, 250, 474, 701
189, 396, 490, 678, 884, 700, 152, 80, 306, 980, 710, 917, 573, 637, 758, 930, 878, 190, 150, 609, 157, 639, 57, 210, 742, 5, 108, 250, 474, 701
189, 396, 490, 678, 884, 700, 152, 80, 306, 980, 710, 917, 573, 637, 758, 930, 878, 190, 150, 609, 157, 639, 57, 210, 742, 5, 108, 250, 474, 701
189, 396, 490, 678, 884, 700, 152, 930, 306, 980, 710, 917, 573, 637, 758, 80, 878, 190, 150, 609, 157, 639, 57, 210, 742, 5, 108, 250, 474, 701
189, 396, 490, 678, 884, 700, 152, 930, 306, 980, 710, 917, 573, 637, 758, 80, 878, 190, 150, 609, 157, 639, 57, 210, 742, 5, 108, 250, 474, 701
189, 396, 490, 678, 884, 700, 758, 930, 306, 980, 710, 917, 573, 637, 152, 80, 878, 190, 150, 609, 157, 639, 57, 210, 742, 5, 108, 250, 474, 701
189, 396, 490, 678, 884, 700, 758, 930, 306, 980, 710, 917, 573, 637, 701, 80, 878, 190, 150, 609, 157, 639, 57, 210, 742, 5, 108, 250, 474, 152
189, 396, 490, 678, 884, 700, 758, 930, 306, 980, 710, 917, 573, 637, 701, 80, 878, 190, 150, 609, 157, 639, 57, 210, 742, 5, 108, 250, 474, 152
189, 396, 490, 678, 884, 917, 758, 930, 306, 980, 710, 700, 573, 637, 701, 80, 878, 190, 150, 609, 157, 639, 57, 210, 742, 5, 108, 250, 474, 152
189, 396, 490, 678, 884, 917, 758, 930, 306, 980, 710, 742, 573, 637, 701, 80, 878, 190, 150, 609, 157, 639, 57, 210, 700, 5, 108, 250, 474, 152
189, 396, 490, 678, 884, 917, 758, 930, 306, 980, 710, 742, 573, 637, 701, 80, 878, 190, 150, 609, 157, 639, 57, 210, 700, 5, 108, 250, 474, 152
189, 396, 490, 678, 980, 917, 758, 930, 306, 884, 710, 742, 573, 637, 701, 80, 878, 190, 150, 609, 157, 639, 57, 210, 700, 5, 108, 250, 474, 152
189, 396, 490, 678, 980, 917, 758, 930, 306, 884, 710, 742, 573, 637, 701, 80, 878, 190, 150, 609, 157, 639, 57, 210, 700, 5, 108, 250, 474, 152
189, 396, 490, 930, 980, 917, 758, 678, 306, 884, 710, 742, 573, 637, 701, 80, 878, 190, 150, 609, 157, 639, 57, 210, 700, 5, 108, 250, 474, 152
189, 396, 490, 930, 980, 917, 758, 878, 306, 884, 710, 742, 573, 637, 701, 80, 678, 190, 150, 609, 157, 639, 57, 210, 700, 5, 108, 250, 474, 152
189, 396, 490, 930, 980, 917, 758, 878, 306, 884, 710, 742, 573, 637, 701, 80, 678, 190, 150, 609, 157, 639, 57, 210, 700, 5, 108, 250, 474, 152
189, 396, 917, 930, 980, 490, 758, 878, 306, 884, 710, 742, 573, 637, 701, 80, 678, 190, 150, 609, 157, 639, 57, 210, 700, 5, 108, 250, 474, 152
189, 396, 917, 930, 980, 742, 758, 878, 306, 884, 710, 490, 573, 637, 701, 80, 678, 190, 150, 609, 157, 639, 57, 210, 700, 5, 108, 250, 474, 152
189, 396, 917, 930, 980, 742, 758, 878, 306, 884, 710, 700, 573, 637, 701, 80, 678, 190, 150, 609, 157, 639, 57, 210, 490, 5, 108, 250, 474, 152
189, 396, 917, 930, 980, 742, 758, 878, 306, 884, 710, 700, 573, 637, 701, 80, 678, 190, 150, 609, 157, 639, 57, 210, 490, 5, 108, 250, 474, 152
189, 980, 917, 930, 396, 742, 758, 878, 306, 884, 710, 700, 573, 637, 701, 80, 678, 190, 150, 609, 157, 639, 57, 210, 490, 5, 108, 250, 474, 152
189, 980, 917, 930, 884, 742, 758, 878, 306, 396, 710, 700, 573, 637, 701, 80, 678, 190, 150, 609, 157, 639, 57, 210, 490, 5, 108, 250, 474, 152
189, 980, 917, 930, 884, 742, 758, 878, 306, 609, 710, 700, 573, 637, 701, 80, 678, 190, 150, 396, 157, 639, 57, 210, 490, 5, 108, 250, 474, 152
189, 980, 917, 930, 884, 742, 758, 878, 306, 609, 710, 700, 573, 637, 701, 80, 678, 190, 150, 396, 157, 639, 57, 210, 490, 5, 108, 250, 474, 152
980, 189, 917, 930, 884, 742, 758, 878, 306, 609, 710, 700, 573, 637, 701, 80, 678, 190, 150, 396, 157, 639, 57, 210, 490, 5, 108, 250, 474, 152
980, 930, 917, 189, 884, 742, 758, 878, 306, 609, 710, 700, 573, 637, 701, 80, 678, 190, 150, 396, 157, 639, 57, 210, 490, 5, 108, 250, 474, 152
980, 930, 917, 878, 884, 742, 758, 189, 306, 609, 710, 700, 573, 637, 701, 80, 678, 190, 150, 396, 157, 639, 57, 210, 490, 5, 108, 250, 474, 152
980, 930, 917, 878, 884, 742, 758, 678, 306, 609, 710, 700, 573, 637, 701, 80, 189, 190, 150, 396, 157, 639, 57, 210, 490, 5, 108, 250, 474, 152
152, 930, 917, 878, 884, 742, 758, 678, 306, 609, 710, 700, 573, 637, 701, 80, 189, 190, 150, 396, 157, 639, 57, 210, 490, 5, 108, 250, 474, 980
152, 930, 917, 878, 884, 742, 758, 678, 306, 609, 710, 700, 573, 637, 701, 80, 189, 190, 150, 396, 157, 639, 57, 210, 490, 5, 108, 250, 474, 980
930, 152, 917, 878, 884, 742, 758, 678, 306, 609, 710, 700, 573, 637, 701, 80, 189, 190, 150, 396, 157, 639, 57, 210, 490, 5, 108, 250, 474, 980
930, 884, 917, 878, 152, 742, 758, 678, 306, 609, 710, 700, 573, 637, 701, 80, 189, 190, 150, 396, 157, 639, 57, 210, 490, 5, 108, 250, 474, 980
930, 884, 917, 878, 710, 742, 758, 678, 306, 609, 152, 700, 573, 637, 701, 80, 189, 190, 150, 396, 157, 639, 57, 210, 490, 5, 108, 250, 474, 980
930, 884, 917, 878, 710, 742, 758, 678, 306, 609, 639, 700, 573, 637, 701, 80, 189, 190, 150, 396, 157, 152, 57, 210, 490, 5, 108, 250, 474, 980
474, 884, 917, 878, 710, 742, 758, 678, 306, 609, 639, 700, 573, 637, 701, 80, 189, 190, 150, 396, 157, 152, 57, 210, 490, 5, 108, 250, 930, 980
474, 884, 917, 878, 710, 742, 758, 678, 306, 609, 639, 700, 573, 637, 701, 80, 189, 190, 150, 396, 157, 152, 57, 210, 490, 5, 108, 250, 930, 980
917, 884, 474, 878, 710, 742, 758, 678, 306, 609, 639, 700, 573, 637, 701, 80, 189, 190, 150, 396, 157, 152, 57, 210, 490, 5, 108, 250, 930, 980
917, 884, 758, 878, 710, 742, 474, 678, 306, 609, 639, 700, 573, 637, 701, 80, 189, 190, 150, 396, 157, 152, 57, 210, 490, 5, 108, 250, 930, 980
917, 884, 758, 878, 710, 742, 701, 678, 306, 609, 639, 700, 573, 637, 474, 80, 189, 190, 150, 396, 157, 152, 57, 210, 490, 5, 108, 250, 930, 980
250, 884, 758, 878, 710, 742, 701, 678, 306, 609, 639, 700, 573, 637, 474, 80, 189, 190, 150, 396, 157, 152, 57, 210, 490, 5, 108, 917, 930, 980
250, 884, 758, 878, 710, 742, 701, 678, 306, 609, 639, 700, 573, 637, 474, 80, 189, 190, 150, 396, 157, 152, 57, 210, 490, 5, 108, 917, 930, 980
884, 250, 758, 878, 710, 742, 701, 678, 306, 609, 639, 700, 573, 637, 474, 80, 189, 190, 150, 396, 157, 152, 57, 210, 490, 5, 108, 917, 930, 980
884, 878, 758, 250, 710, 742, 701, 678, 306, 609, 639, 700, 573, 637, 474, 80, 189, 190, 150, 396, 157, 152, 57, 210, 490, 5, 108, 917, 930, 980
884, 878, 758, 678, 710, 742, 701, 250, 306, 609, 639, 700, 573, 637, 474, 80, 189, 190, 150, 396, 157, 152, 57, 210, 490, 5, 108, 917, 930, 980
108, 878, 758, 678, 710, 742, 701, 250, 306, 609, 639, 700, 573, 637, 474, 80, 189, 190, 150, 396, 157, 152, 57, 210, 490, 5, 884, 917, 930, 980
108, 878, 758, 678, 710, 742, 701, 250, 306, 609, 639, 700, 573, 637, 474, 80, 189, 190, 150, 396, 157, 152, 57, 210, 490, 5, 884, 917, 930, 980
878, 108, 758, 678, 710, 742, 701, 250, 306, 609, 639, 700, 573, 637, 474, 80, 189, 190, 150, 396, 157, 152, 57, 210, 490, 5, 884, 917, 930, 980
878, 710, 758, 678, 108, 742, 701, 250, 306, 609, 639, 700, 573, 637, 474, 80, 189, 190, 150, 396, 157, 152, 57, 210, 490, 5, 884, 917, 930, 980
878, 710, 758, 678, 639, 742, 701, 250, 306, 609, 108, 700, 573, 637, 474, 80, 189, 190, 150, 396, 157, 152, 57, 210, 490, 5, 884, 917, 930, 980
878, 710, 758, 678, 639, 742, 701, 250, 306, 609, 152, 700, 573, 637, 474, 80, 189, 190, 150, 396, 157, 108, 57, 210, 490, 5, 884, 917, 930, 980
5, 710, 758, 678, 639, 742, 701, 250, 306, 609, 152, 700, 573, 637, 474, 80, 189, 190, 150, 396, 157, 108, 57, 210, 490, 878, 884, 917, 930, 980
5, 710, 758, 678, 639, 742, 701, 250, 306, 609, 152, 700, 573, 637, 474, 80, 189, 190, 150, 396, 157, 108, 57, 210, 490, 878, 884, 917, 930, 980
758, 710, 5, 678, 639, 742, 701, 250, 306, 609, 152, 700, 573, 637, 474, 80, 189, 190, 150, 396, 157, 108, 57, 210, 490, 878, 884, 917, 930, 980
758, 710, 742, 678, 639, 5, 701, 250, 306, 609, 152, 700, 573, 637, 474, 80, 189, 190, 150, 396, 157, 108, 57, 210, 490, 878, 884, 917, 930, 980
758, 710, 742, 678, 639, 700, 701, 250, 306, 609, 152, 5, 573, 637, 474, 80, 189, 190, 150, 396, 157, 108, 57, 210, 490, 878, 884, 917, 930, 980
758, 710, 742, 678, 639, 700, 701, 250, 306, 609, 152, 490, 573, 637, 474, 80, 189, 190, 150, 396, 157, 108, 57, 210, 5, 878, 884, 917, 930, 980
5, 710, 742, 678, 639, 700, 701, 250, 306, 609, 152, 490, 573, 637, 474, 80, 189, 190, 150, 396, 157, 108, 57, 210, 758, 878, 884, 917, 930, 980
5, 710, 742, 678, 639, 700, 701, 250, 306, 609, 152, 490, 573, 637, 474, 80, 189, 190, 150, 396, 157, 108, 57, 210, 758, 878, 884, 917, 930, 980
742, 710, 5, 678, 639, 700, 701, 250, 306, 609, 152, 490, 573, 637, 474, 80, 189, 190, 150, 396, 157, 108, 57, 210, 758, 878, 884, 917, 930, 980
742, 710, 701, 678, 639, 700, 5, 250, 306, 609, 152, 490, 573, 637, 474, 80, 189, 190, 150, 396, 157, 108, 57, 210, 758, 878, 884, 917, 930, 980
742, 710, 701, 678, 639, 700, 637, 250, 306, 609, 152, 490, 573, 5, 474, 80, 189, 190, 150, 396, 157, 108, 57, 210, 758, 878, 884, 917, 930, 980
210, 710, 701, 678, 639, 700, 637, 250, 306, 609, 152, 490, 573, 5, 474, 80, 189, 190, 150, 396, 157, 108, 57, 742, 758, 878, 884, 917, 930, 980
210, 710, 701, 678, 639, 700, 637, 250, 306, 609, 152, 490, 573, 5, 474, 80, 189, 190, 150, 396, 157, 108, 57, 742, 758, 878, 884, 917, 930, 980
710, 210, 701, 678, 639, 700, 637, 250, 306, 609, 152, 490, 573, 5, 474, 80, 189, 190, 150, 396, 157, 108, 57, 742, 758, 878, 884, 917, 930, 980
710, 678, 701, 210, 639, 700, 637, 250, 306, 609, 152, 490, 573, 5, 474, 80, 189, 190, 150, 396, 157, 108, 57, 742, 758, 878, 884, 917, 930, 980
710, 678, 701, 306, 639, 700, 637, 250, 210, 609, 152, 490, 573, 5, 474, 80, 189, 190, 150, 396, 157, 108, 57, 742, 758, 878, 884, 917, 930, 980
57, 678, 701, 306, 639, 700, 637, 250, 210, 609, 152, 490, 573, 5, 474, 80, 189, 190, 150, 396, 157, 108, 710, 742, 758, 878, 884, 917, 930, 980
57, 678, 701, 306, 639, 700, 637, 250, 210, 609, 152, 490, 573, 5, 474, 80, 189, 190, 150, 396, 157, 108, 710, 742, 758, 878, 884, 917, 930, 980
701, 678, 57, 306, 639, 700, 637, 250, 210, 609, 152, 490, 573, 5, 474, 80, 189, 190, 150, 396, 157, 108, 710, 742, 758, 878, 884, 917, 930, 980
701, 678, 700, 306, 639, 57, 637, 250, 210, 609, 152, 490, 573, 5, 474, 80, 189, 190, 150, 396, 157, 108, 710, 742, 758, 878, 884, 917, 930, 980
701, 678, 700, 306, 639, 573, 637, 250, 210, 609, 152, 490, 57, 5, 474, 80, 189, 190, 150, 396, 157, 108, 710, 742, 758, 878, 884, 917, 930, 980
108, 678, 700, 306, 639, 573, 637, 250, 210, 609, 152, 490, 57, 5, 474, 80, 189, 190, 150, 396, 157, 701, 710, 742, 758, 878, 884, 917, 930, 980
108, 678, 700, 306, 639, 573, 637, 250, 210, 609, 152, 490, 57, 5, 474, 80, 189, 190, 150, 396, 157, 701, 710, 742, 758, 878, 884, 917, 930, 980
700, 678, 108, 306, 639, 573, 637, 250, 210, 609, 152, 490, 57, 5, 474, 80, 189, 190, 150, 396, 157, 701, 710, 742, 758, 878, 884, 917, 930, 980
700, 678, 637, 306, 639, 573, 108, 250, 210, 609, 152, 490, 57, 5, 474, 80, 189, 190, 150, 396, 157, 701, 710, 742, 758, 878, 884, 917, 930, 980
700, 678, 637, 306, 639, 573, 474, 250, 210, 609, 152, 490, 57, 5, 108, 80, 189, 190, 150, 396, 157, 701, 710, 742, 758, 878, 884, 917, 930, 980
157, 678, 637, 306, 639, 573, 474, 250, 210, 609, 152, 490, 57, 5, 108, 80, 189, 190, 150, 396, 700, 701, 710, 742, 758, 878, 884, 917, 930, 980
157, 678, 637, 306, 639, 573, 474, 250, 210, 609, 152, 490, 57, 5, 108, 80, 189, 190, 150, 396, 700, 701, 710, 742, 758, 878, 884, 917, 930, 980
678, 157, 637, 306, 639, 573, 474, 250, 210, 609, 152, 490, 57, 5, 108, 80, 189, 190, 150, 396, 700, 701, 710, 742, 758, 878, 884, 917, 930, 980
678, 639, 637, 306, 157, 573, 474, 250, 210, 609, 152, 490, 57, 5, 108, 80, 189, 190, 150, 396, 700, 701, 710, 742, 758, 878, 884, 917, 930, 980
678, 639, 637, 306, 609, 573, 474, 250, 210, 157, 152, 490, 57, 5, 108, 80, 189, 190, 150, 396, 700, 701, 710, 742, 758, 878, 884, 917, 930, 980
678, 639, 637, 306, 609, 573, 474, 250, 210, 396, 152, 490, 57, 5, 108, 80, 189, 190, 150, 157, 700, 701, 710, 742, 758, 878, 884, 917, 930, 980
157, 639, 637, 306, 609, 573, 474, 250, 210, 396, 152, 490, 57, 5, 108, 80, 189, 190, 150, 678, 700, 701, 710, 742, 758, 878, 884, 917, 930, 980
157, 639, 637, 306, 609, 573, 474, 250, 210, 396, 152, 490, 57, 5, 108, 80, 189, 190, 150, 678, 700, 701, 710, 742, 758, 878, 884, 917, 930, 980
639, 157, 637, 306, 609, 573, 474, 250, 210, 396, 152, 490, 57, 5, 108, 80, 189, 190, 150, 678, 700, 701, 710, 742, 758, 878, 884, 917, 930, 980
639, 609, 637, 306, 157, 573, 474, 250, 210, 396, 152, 490, 57, 5, 108, 80, 189, 190, 150, 678, 700, 701, 710, 742, 758, 878, 884, 917, 930, 980
639, 609, 637, 306, 396, 573, 474, 250, 210, 157, 152, 490, 57, 5, 108, 80, 189, 190, 150, 678, 700, 701, 710, 742, 758, 878, 884, 917, 930, 980
150, 609, 637, 306, 396, 573, 474, 250, 210, 157, 152, 490, 57, 5, 108, 80, 189, 190, 639, 678, 700, 701, 710, 742, 758, 878, 884, 917, 930, 980
150, 609, 637, 306, 396, 573, 474, 250, 210, 157, 152, 490, 57, 5, 108, 80, 189, 190, 639, 678, 700, 701, 710, 742, 758, 878, 884, 917, 930, 980
637, 609, 150, 306, 396, 573, 474, 250, 210, 157, 152, 490, 57, 5, 108, 80, 189, 190, 639, 678, 700, 701, 710, 742, 758, 878, 884, 917, 930, 980
637, 609, 573, 306, 396, 150, 474, 250, 210, 157, 152, 490, 57, 5, 108, 80, 189, 190, 639, 678, 700, 701, 710, 742, 758, 878, 884, 917, 930, 980
637, 609, 573, 306, 396, 490, 474, 250, 210, 157, 152, 150, 57, 5, 108, 80, 189, 190, 639, 678, 700, 701, 710, 742, 758, 878, 884, 917, 930, 980
190, 609, 573, 306, 396, 490, 474, 250, 210, 157, 152, 150, 57, 5, 108, 80, 189, 637, 639, 678, 700, 701, 710, 742, 758, 878, 884, 917, 930, 980
190, 609, 573, 306, 396, 490, 474, 250, 210, 157, 152, 150, 57, 5, 108, 80, 189, 637, 639, 678, 700, 701, 710, 742, 758, 878, 884, 917, 930, 980
609, 190, 573, 306, 396, 490, 474, 250, 210, 157, 152, 150, 57, 5, 108, 80, 189, 637, 639, 678, 700, 701, 710, 742, 758, 878, 884, 917, 930, 980
609, 396, 573, 306, 190, 490, 474, 250, 210, 157, 152, 150, 57, 5, 108, 80, 189, 637, 639, 678, 700, 701, 710, 742, 758, 878, 884, 917, 930, 980
189, 396, 573, 306, 190, 490, 474, 250, 210, 157, 152, 150, 57, 5, 108, 80, 609, 637, 639, 678, 700, 701, 710, 742, 758, 878, 884, 917, 930, 980
189, 396, 573, 306, 190, 490, 474, 250, 210, 157, 152, 150, 57, 5, 108, 80, 609, 637, 639, 678, 700, 701, 710, 742, 758, 878, 884, 917, 930, 980
573, 396, 189, 306, 190, 490, 474, 250, 210, 157, 152, 150, 57, 5, 108, 80, 609, 637, 639, 678, 700, 701, 710, 742, 758, 878, 884, 917, 930, 980
573, 396, 490, 306, 190, 189, 474, 250, 210, 157, 152, 150, 57, 5, 108, 80, 609, 637, 639, 678, 700, 701, 710, 742, 758, 878, 884, 917, 930, 980
80, 396, 490, 306, 190, 189, 474, 250, 210, 157, 152, 150, 57, 5, 108, 573, 609, 637, 639, 678, 700, 701, 710, 742, 758, 878, 884, 917, 930, 980
80, 396, 490, 306, 190, 189, 474, 250, 210, 157, 152, 150, 57, 5, 108, 573, 609, 637, 639, 678, 700, 701, 710, 742, 758, 878, 884, 917, 930, 980
490, 396, 80, 306, 190, 189, 474, 250, 210, 157, 152, 150, 57, 5, 108, 573, 609, 637, 639, 678, 700, 701, 710, 742, 758, 878, 884, 917, 930, 980
490, 396, 474, 306, 190, 189, 80, 250, 210, 157, 152, 150, 57, 5, 108, 573, 609, 637, 639, 678, 700, 701, 710, 742, 758, 878, 884, 917, 930, 980
490, 396, 474, 306, 190, 189, 108, 250, 210, 157, 152, 150, 57, 5, 80, 573, 609, 637, 639, 678, 700, 701, 710, 742, 758, 878, 884, 917, 930, 980
80, 396, 474, 306, 190, 189, 108, 250, 210, 157, 152, 150, 57, 5, 490, 573, 609, 637, 639, 678, 700, 701, 710, 742, 758, 878, 884, 917, 930, 980
80, 396, 474, 306, 190, 189, 108, 250, 210, 157, 152, 150, 57, 5, 490, 573, 609, 637, 639, 678, 700, 701, 710, 742, 758, 878, 884, 917, 930, 980
474, 396, 80, 306, 190, 189, 108, 250, 210, 157, 152, 150, 57, 5, 490, 573, 609, 637, 639, 678, 700, 701, 710, 742, 758, 878, 884, 917, 930, 980
474, 396, 189, 306, 190, 80, 108, 250, 210, 157, 152, 150, 57, 5, 490, 573, 609, 637, 639, 678, 700, 701, 710, 742, 758, 878, 884, 917, 930, 980
474, 396, 189, 306, 190, 150, 108, 250, 210, 157, 152, 80, 57, 5, 490, 573, 609, 637, 639, 678, 700, 701, 710, 742, 758, 878, 884, 917, 930, 980
5, 396, 189, 306, 190, 150, 108, 250, 210, 157, 152, 80, 57, 474, 490, 573, 609, 637, 639, 678, 700, 701, 710, 742, 758, 878, 884, 917, 930, 980
5, 396, 189, 306, 190, 150, 108, 250, 210, 157, 152, 80, 57, 474, 490, 573, 609, 637, 639, 678, 700, 701, 710, 742, 758, 878, 884, 917, 930, 980
396, 5, 189, 306, 190, 150, 108, 250, 210, 157, 152, 80, 57, 474, 490, 573, 609, 637, 639, 678, 700, 701, 710, 742, 758, 878, 884, 917, 930, 980
396, 306, 189, 5, 190, 150, 108, 250, 210, 157, 152, 80, 57, 474, 490, 573, 609, 637, 639, 678, 700, 701, 710, 742, 758, 878, 884, 917, 930, 980
396, 306, 189, 250, 190, 150, 108, 5, 210, 157, 152, 80, 57, 474, 490, 573, 609, 637, 639, 678, 700, 701, 710, 742, 758, 878, 884, 917, 930, 980
57, 306, 189, 250, 190, 150, 108, 5, 210, 157, 152, 80, 396, 474, 490, 573, 609, 637, 639, 678, 700, 701, 710, 742, 758, 878, 884, 917, 930, 980
57, 306, 189, 250, 190, 150, 108, 5, 210, 157, 152, 80, 396, 474, 490, 573, 609, 637, 639, 678, 700, 701, 710, 742, 758, 878, 884, 917, 930, 980
306, 57, 189, 250, 190, 150, 108, 5, 210, 157, 152, 80, 396, 474, 490, 573, 609, 637, 639, 678, 700, 701, 710, 742, 758, 878, 884, 917, 930, 980
306, 250, 189, 57, 190, 150, 108, 5, 210, 157, 152, 80, 396, 474, 490, 573, 609, 637, 639, 678, 700, 701, 710, 742, 758, 878, 884, 917, 930, 980
306, 250, 189, 210, 190, 150, 108, 5, 57, 157, 152, 80, 396, 474, 490, 573, 609, 637, 639, 678, 700, 701, 710, 742, 758, 878, 884, 917, 930, 980
80, 250, 189, 210, 190, 150, 108, 5, 57, 157, 152, 306, 396, 474, 490, 573, 609, 637, 639, 678, 700, 701, 710, 742, 758, 878, 884, 917, 930, 980
80, 250, 189, 210, 190, 150, 108, 5, 57, 157, 152, 306, 396, 474, 490, 573, 609, 637, 639, 678, 700, 701, 710, 742, 758, 878, 884, 917, 930, 980
250, 80, 189, 210, 190, 150, 108, 5, 57, 157, 152, 306, 396, 474, 490, 573, 609, 637, 639, 678, 700, 701, 710, 742, 758, 878, 884, 917, 930, 980
250, 210, 189, 80, 190, 150, 108, 5, 57, 157, 152, 306, 396, 474, 490, 573, 609, 637, 639, 678, 700, 701, 710, 742, 758, 878, 884, 917, 930, 980
152, 210, 189, 80, 190, 150, 108, 5, 57, 157, 250, 306, 396, 474, 490, 573, 609, 637, 639, 678, 700, 701, 710, 742, 758, 878, 884, 917, 930, 980
152, 210, 189, 80, 190, 150, 108, 5, 57, 157, 250, 306, 396, 474, 490, 573, 609, 637, 639, 678, 700, 701, 710, 742, 758, 878, 884, 917, 930, 980
210, 152, 189, 80, 190, 150, 108, 5, 57, 157, 250, 306, 396, 474, 490, 573, 609, 637, 639, 678, 700, 701, 710, 742, 758, 878, 884, 917, 930, 980
210, 190, 189, 80, 152, 150, 108, 5, 57, 157, 250, 306, 396, 474, 490, 573, 609, 637, 639, 678, 700, 701, 710, 742, 758, 878, 884, 917, 930, 980
210, 190, 189, 80, 157, 150, 108, 5, 57, 152, 250, 306, 396, 474, 490, 573, 609, 637, 639, 678, 700, 701, 710, 742, 758, 878, 884, 917, 930, 980
152, 190, 189, 80, 157, 150, 108, 5, 57, 210, 250, 306, 396, 474, 490, 573, 609, 637, 639, 678, 700, 701, 710, 742, 758, 878, 884, 917, 930, 980
152, 190, 189, 80, 157, 150, 108, 5, 57, 210, 250, 306, 396, 474, 490, 573, 609, 637, 639, 678, 700, 701, 710, 742, 758, 878, 884, 917, 930, 980
190, 152, 189, 80, 157, 150, 108, 5, 57, 210, 250, 306, 396, 474, 490, 573, 609, 637, 639, 678, 700, 701, 710, 742, 758, 878, 884, 917, 930, 980
190, 157, 189, 80, 152, 150, 108, 5, 57, 210, 250, 306, 396, 474, 490, 573, 609, 637, 639, 678, 700, 701, 710, 742, 758, 878, 884, 917, 930, 980
57, 157, 189, 80, 152, 150, 108, 5, 190, 210, 250, 306, 396, 474, 490, 573, 609, 637, 639, 678, 700, 701, 710, 742, 758, 878, 884, 917, 930, 980
57, 157, 189, 80, 152, 150, 108, 5, 190, 210, 250, 306, 396, 474, 490, 573, 609, 637, 639, 678, 700, 701, 710, 742, 758, 878, 884, 917, 930, 980
189, 157, 57, 80, 152, 150, 108, 5, 190, 210, 250, 306, 396, 474, 490, 573, 609, 637, 639, 678, 700, 701, 710, 742, 758, 878, 884, 917, 930, 980
189, 157, 150, 80, 152, 57, 108, 5, 190, 210, 250, 306, 396, 474, 490, 573, 609, 637, 639, 678, 700, 701, 710, 742, 758, 878, 884, 917, 930, 980
5, 157, 150, 80, 152, 57, 108, 189, 190, 210, 250, 306, 396, 474, 490, 573, 609, 637, 639, 678, 700, 701, 710, 742, 758, 878, 884, 917, 930, 980
5, 157, 150, 80, 152, 57, 108, 189, 190, 210, 250, 306, 396, 474, 490, 573, 609, 637, 639, 678, 700, 701, 710, 742, 758, 878, 884, 917, 930, 980
157, 5, 150, 80, 152, 57, 108, 189, 190, 210, 250, 306, 396, 474, 490, 573, 609, 637, 639, 678, 700, 701, 710, 742, 758, 878, 884, 917, 930, 980
157, 152, 150, 80, 5, 57, 108, 189, 190, 210, 250, 306, 396, 474, 490, 573, 609, 637, 639, 678, 700, 701, 710, 742, 758, 878, 884, 917, 930, 980
108, 152, 150, 80, 5, 57, 157, 189, 190, 210, 250, 306, 396, 474, 490, 573, 609, 637, 639, 678, 700, 701, 710, 742, 758, 878, 884, 917, 930, 980
108, 152, 150, 80, 5, 57, 157, 189, 190, 210, 250, 306, 396, 474, 490, 573, 609, 637, 639, 678, 700, 701, 710, 742, 758, 878, 884, 917, 930, 980
152, 108, 150, 80, 5, 57, 157, 189, 190, 210, 250, 306, 396, 474, 490, 573, 609, 637, 639, 678, 700, 701, 710, 742, 758, 878, 884, 917, 930, 980
57, 108, 150, 80, 5, 152, 157, 189, 190, 210, 250, 306, 396, 474, 490, 573, 609, 637, 639, 678, 700, 701, 710, 742, 758, 878, 884, 917, 930, 980
57, 108, 150, 80, 5, 152, 157, 189, 190, 210, 250, 306, 396, 474, 490, 573, 609, 637, 639, 678, 700, 701, 710, 742, 758, 878, 884, 917, 930, 980
150, 108, 57, 80, 5, 152, 157, 189, 190, 210, 250, 306, 396, 474, 490, 573, 609, 637, 639, 678, 700, 701, 710, 742, 758, 878, 884, 917, 930, 980
5, 108, 57, 80, 150, 152, 157, 189, 190, 210, 250, 306, 396, 474, 490, 573, 609, 637, 639, 678, 700, 701, 710, 742, 758, 878, 884, 917, 930, 980
5, 108, 57, 80, 150, 152, 157, 189, 190, 210, 250, 306, 396, 474, 490, 573, 609, 637, 639, 678, 700, 701, 710, 742, 758, 878, 884, 917, 930, 980
108, 5, 57, 80, 150, 152, 157, 189, 190, 210, 250, 306, 396, 474, 490, 573, 609, 637, 639, 678, 700, 701, 710, 742, 758, 878, 884, 917, 930, 980
108, 80, 57, 5, 150, 152, 157, 189, 190, 210, 250, 306, 396, 474, 490, 573, 609, 637, 639, 678, 700, 701, 710, 742, 758, 878, 884, 917, 930, 980
5, 80, 57, 108, 150, 152, 157, 189, 190, 210, 250, 306, 396, 474, 490, 573, 609, 637, 639, 678, 700, 701, 710, 742, 758, 878, 884, 917, 930, 980
5, 80, 57, 108, 150, 152, 157, 189, 190, 210, 250, 306, 396, 474, 490, 573, 609, 637, 639, 678, 700, 701, 710, 742, 758, 878, 884, 917, 930, 980
80, 5, 57, 108, 150, 152, 157, 189, 190, 210, 250, 306, 396, 474, 490, 573, 609, 637, 639, 678, 700, 701, 710, 742, 758, 878, 884, 917, 930, 980
57, 5, 80, 108, 150, 152, 157, 189, 190, 210, 250, 306, 396, 474, 490, 573, 609, 637, 639, 678, 700, 701, 710, 742, 758, 878, 884, 917, 930, 980
57, 5, 80, 108, 150, 152, 157, 189, 190, 210, 250, 306, 396, 474, 490, 573, 609, 637, 639, 678, 700, 701, 710, 742, 758, 878, 884, 917, 930, 980
5, 57, 80, 108, 150, 152, 157, 189, 190, 210, 250, 306, 396, 474, 490, 573, 609, 637, 639, 678, 700, 701, 710, 742, 758, 878, 884, 917, 930, 980
5, 57, 80, 108, 150, 152, 157, 189, 190, 210, 250, 306, 396, 474, 490, 573, 609, 637, 639, 678, 700, 701, 710, 742, 758, 878, 884, 917, 930, 980
